charge,mass,radius,x,y,z
1.0,22.99,1.0,16.587111924010127,16.566224915967194,16.450611222154023
-1.0,35.453,1.0,18.640903601974813,18.48352281794889,18.60006492873127
1.0,22.99,1.0,20.591922452669067,16.420508438709344,16.561689975899927
-1.0,35.453,1.0,22.653447972876307,18.55001205657583,18.591396985395274
1.0,22.99,1.0,24.843781971729065,16.573165263863835,16.475085023811335
-1.0,35.453,1.0,26.737425062687638,18.489603650498186,18.564658369753005
1.0,22.99,1.0,28.860878456228413,16.489369853693884,16.54366387335707
-1.0,35.453,1.0,30.871561834502796,18.50028814106191,18.6136571077252
1.0,22.99,1.0,32.957284857726336,16.488414357582382,16.501302010955282
-1.0,35.453,1.0,2.1347419388982196,18.508924808407524,18.628743358590825
1.0,22.99,1.0,4.199787320271488,16.494967046458207,16.596626755443314
-1.0,35.453,1.0,6.265242528912083,18.53561392481538,18.629496779485887
1.0,22.99,1.0,8.324577081707135,16.510731898468833,16.41721420057263
-1.0,35.453,1.0,10.235141346442871,18.660218074364245,18.647664249831102
1.0,22.99,1.0,12.469398130972685,16.55862280278324,16.421072902852355
-1.0,35.453,1.0,14.49394904592135,18.528873608107585,18.61011863972245
1.0,22.99,1.0,16.569295444167953,20.59423350663388,16.56343155245528
-1.0,35.453,1.0,18.59905098089052,22.69286623722254,18.628760311810808
1.0,22.99,1.0,20.5604577963976,20.739565330856784,16.428786960474238
-1.0,35.453,1.0,22.789525380569867,22.633462207408428,18.595436057741907
1.0,22.99,1.0,24.86640518327523,20.613887510644687,16.55066541706638
-1.0,35.453,1.0,26.929218324379022,22.651417514791987,18.495684935047194
1.0,22.99,1.0,28.977852365137526,20.55528059521253,16.55921368928286
-1.0,35.453,1.0,30.99257031562636,22.768200205252377,18.637524629802154
1.0,22.99,1.0,0.03967200969725582,20.587748977754355,16.554576262234004
-1.0,35.453,1.0,2.08398070400259,22.775580440959303,18.514229048061043
1.0,22.99,1.0,4.135794081135932,20.696345130715187,16.567289240655175
-1.0,35.453,1.0,6.271260464936207,22.787715708879325,18.559081422735037
1.0,22.99,1.0,8.218123522160667,20.62179485273843,16.574757567351742
-1.0,35.453,1.0,10.280161515933429,22.800865633872654,18.541113924417598
1.0,22.99,1.0,12.310614044951322,20.73373674227975,16.422131669059013
-1.0,35.453,1.0,14.396865087431744,22.72556197288519,18.547326749017824
1.0,22.99,1.0,16.44030336759202,24.729154019956454,16.522456648931
-1.0,35.453,1.0,18.508130583502332,26.80413143167811,18.573929515682188
1.0,22.99,1.0,20.69635160919259,24.758887289200082,16.562581795344656
-1.0,35.453,1.0,22.799498505536995,26.866842748353037,18.612664769617428
1.0,22.99,1.0,24.755833696143036,24.69242273688974,16.49576815974929
-1.0,35.453,1.0,26.774605421410662,26.85027193881043,18.607749960539255
1.0,22.99,1.0,28.882271319790846,24.77910120600294,16.533357413429822
-1.0,35.453,1.0,30.9469444463649,26.90727459083886,18.597146048424033
1.0,22.99,1.0,32.99912165024614,24.733752556299375,16.42978407106393
-1.0,35.453,1.0,1.979789844917935,26.817897326596952,18.524810170065166
1.0,22.99,1.0,4.1655679498619005,24.74398322142534,16.419617345088344
-1.0,35.453,1.0,6.128210263995179,26.748624458325395,18.581198873553074
1.0,22.99,1.0,8.275297452105619,24.80199522461539,16.450417016935653
-1.0,35.453,1.0,10.408166485830764,26.9337152725997,18.59948786359144
1.0,22.99,1.0,12.454189083701607,24.855852520685456,16.488431732407406
-1.0,35.453,1.0,14.446839673904897,26.833819163301047,18.606115547840137
1.0,22.99,1.0,16.41891298472604,28.810576684967828,16.43274557829744
-1.0,35.453,1.0,18.598638351309905,30.928526313037942,18.587745521339592
1.0,22.99,1.0,20.589572926843115,28.9229581746812,16.46258075321114
-1.0,35.453,1.0,22.774839610648243,31.022777211970592,18.640311596043244
1.0,22.99,1.0,24.831968993051785,28.92063690799573,16.4734360069258
-1.0,35.453,1.0,26.78626229738159,30.930188468021168,18.673017906680375
1.0,22.99,1.0,28.85388131673102,28.90580470897421,16.58924901768415
-1.0,35.453,1.0,30.947670108128086,31.05642394002294,18.602724548714487
1.0,22.99,1.0,0.0689245207350595,28.916275071338838,16.433788004633136
-1.0,35.453,1.0,2.0459990213663843,30.966770191823038,18.600729380022756
1.0,22.99,1.0,4.122274319703946,28.89049691759979,16.460655062721678
-1.0,35.453,1.0,6.271985845065593,31.013385235341005,18.526571445437884
1.0,22.99,1.0,8.27019763097653,28.92262410018278,16.422304692941474
-1.0,35.453,1.0,10.350581221341457,30.938876203861142,18.48832136807048
1.0,22.99,1.0,12.444186403828414,28.83513634329939,16.56383854615072
-1.0,35.453,1.0,14.538387104880192,30.956657192508054,18.536947769947705
1.0,22.99,1.0,16.561254964683194,0.0763171639005975,16.531947574881308
-1.0,35.453,1.0,18.527515123152458,2.084414505246235,18.640058805650074
1.0,22.99,1.0,20.736928070799852,0.05129466025713825,16.574786765060978
-1.0,35.453,1.0,22.689916210796987,2.0276090089178727,18.56670789413788
1.0,22.99,1.0,24.68011536694688,0.036878335121489414,16.491499366458168
-1.0,35.453,1.0,26.740697422646395,2.011860705104887,18.662909624854066
1.0,22.99,1.0,28.880061333971717,0.052964853629021036,16.447607467165177
-1.0,35.453,1.0,30.891377498038075,2.0914801602444175,18.65129661290658
1.0,22.99,1.0,32.931747007559615,0.03321835765418513,16.445473517957545
-1.0,35.453,1.0,2.1634649451090677,2.0726118058200456,18.638846369594177
1.0,22.99,1.0,4.145798289153959,33.01365471551173,16.447909920797148
-1.0,35.453,1.0,6.234240695684315,2.1147731610886797,18.588793226739135
1.0,22.99,1.0,8.234866793666606,0.08737961503657843,16.44002674039121
-1.0,35.453,1.0,10.283924812290653,2.0031911000494365,18.490908117999833
1.0,22.99,1.0,12.453849762970583,32.93690147888485,16.57972726877262
-1.0,35.453,1.0,14.469562169502211,2.0100511534015144,18.52065038116543
1.0,22.99,1.0,16.558966329550476,4.210761340676088,16.600212661285152
-1.0,35.453,1.0,18.614860033211666,6.20421631768545,18.55433672376356
1.0,22.99,1.0,20.64249152904488,4.212386010736353,16.457851401127883
-1.0,35.453,1.0,22.727769589315443,6.161313762254078,18.574447577537516
1.0,22.99,1.0,24.75628018305997,4.100258783373448,16.425014911304462
-1.0,35.453,1.0,26.763246919969113,6.122245780371928,18.64694729565427
1.0,22.99,1.0,28.955136625370407,4.206743771861424,16.417317191491122
-1.0,35.453,1.0,30.942739519395914,6.177533184890294,18.638158511661747
1.0,22.99,1.0,33.021531817583146,4.110990747286246,16.4986676474502
-1.0,35.453,1.0,1.9735041528801531,6.1567026826640365,18.587825260562127
1.0,22.99,1.0,4.195593705982516,4.135584460597888,16.457718596475818
-1.0,35.453,1.0,6.110586256937884,6.263554084819951,18.59759576780702
1.0,22.99,1.0,8.24621547662304,4.06030104220517,16.477494234378174
-1.0,35.453,1.0,10.390336393761103,6.120098595535152,18.64757330002487
1.0,22.99,1.0,12.43239219089068,4.199720595289293,16.453081299136034
-1.0,35.453,1.0,14.455539537234332,6.249984723619933,18.52630754841418
1.0,22.99,1.0,16.516972628875568,8.341982843438705,16.605215708034432
-1.0,35.453,1.0,18.667474187848168,10.404777912881777,18.66704704641284
1.0,22.99,1.0,20.561339146265233,8.182055252122561,16.420232578114263
-1.0,35.453,1.0,22.628991075988772,10.402057477800732,18.563253071617282
1.0,22.99,1.0,24.79612591161043,8.211674441649288,16.468368235293823
-1.0,35.453,1.0,26.89292238980478,10.366980994849964,18.658862211447666
1.0,22.99,1.0,28.894484198441432,8.221189451311542,16.583919792911654
-1.0,35.453,1.0,31.04970988452049,10.387528925719366,18.56761913390724
1.0,22.99,1.0,0.028235834241524316,8.247541592534729,16.462441038674225
-1.0,35.453,1.0,2.069736416225929,10.22510007141244,18.591425531168706
1.0,22.99,1.0,4.159997141232795,8.28878624689898,16.468568648474214
-1.0,35.453,1.0,6.2180079545043,10.362487664036788,18.59837975539502
1.0,22.99,1.0,8.28159822525747,8.299891251355682,16.54321049758504
-1.0,35.453,1.0,10.25237312767922,10.345307771666342,18.52234318798868
1.0,22.99,1.0,12.452005533401106,8.286292185308563,16.473901664194262
-1.0,35.453,1.0,14.402275128549519,10.249285027901642,18.66271814404776
1.0,22.99,1.0,16.57728464797605,12.375605502248737,16.607100440849194
-1.0,35.453,1.0,18.55416662428519,14.49476079411247,18.55756842776268
1.0,22.99,1.0,20.57205220424551,12.428271467766535,16.55635616924173
-1.0,35.453,1.0,22.63298708767363,14.533896085118766,18.62053053439414
1.0,22.99,1.0,24.75681617976307,12.473697369670674,16.531987705867397
-1.0,35.453,1.0,26.836575877781797,14.427331722903366,18.58393310605984
1.0,22.99,1.0,28.820322247392358,12.441283884517652,16.612037030578044
-1.0,35.453,1.0,30.879776939546783,14.530386894264002,18.62587061657934
1.0,22.99,1.0,0.07975922561425008,12.335110747733651,16.57596644246672
-1.0,35.453,1.0,1.988956492000172,14.444209203902235,18.649571159851156
1.0,22.99,1.0,4.220144080861651,12.45321453028431,16.48473569939138
-1.0,35.453,1.0,6.193571148512987,14.507389160625568,18.50386934949051
1.0,22.99,1.0,8.189953027653972,12.413394407630765,16.495595815541662
-1.0,35.453,1.0,10.34285054838547,14.396880464777077,18.48449516415375
1.0,22.99,1.0,12.456308526100313,12.392468340171021,16.43916702072599
-1.0,35.453,1.0,14.476224307885746,14.45457963510785,18.497406568608316
1.0,22.99,1.0,16.512837892486417,16.563147070097525,20.68009643031224
-1.0,35.453,1.0,18.492299718128248,18.613168290009153,22.723517740278393
1.0,22.99,1.0,20.626659069146278,16.41519857356781,20.574920025835272
-1.0,35.453,1.0,22.745785369301704,18.610079262369826,22.745545636461095
1.0,22.99,1.0,24.7903280003397,16.491943880367373,20.67590879847004
-1.0,35.453,1.0,26.851179441450853,18.490848099734578,22.708032128547536
1.0,22.99,1.0,28.93710235824875,16.4319246504938,20.590438145383338
-1.0,35.453,1.0,30.922173164150013,18.62686186063874,22.75109232042596
1.0,22.99,1.0,0.06520014546086728,16.415997626007986,20.62307711241301
-1.0,35.453,1.0,2.0313625465867347,18.518927545447596,22.73941185289004
1.0,22.99,1.0,4.134470885489243,16.485258938192075,20.6044967690701
-1.0,35.453,1.0,6.107721210016578,18.612405999552195,22.65539743235564
1.0,22.99,1.0,8.3319321329802,16.452698285790277,20.55452624245872
-1.0,35.453,1.0,10.41285109498678,18.650321322742222,22.62338624771804
1.0,22.99,1.0,12.417757714528474,16.476016820699737,20.694416615450233
-1.0,35.453,1.0,14.39018787636962,18.54290163735122,22.772153723172554
1.0,22.99,1.0,16.47195057941435,20.70021075008945,20.58927846168985
-1.0,35.453,1.0,18.630338884874472,22.710229551889327,22.80047266329212
1.0,22.99,1.0,20.67768335266895,20.69015515736768,20.718959965827672
-1.0,35.453,1.0,22.64111845417614,22.78165540414035,22.70730787093734
1.0,22.99,1.0,24.73880272632966,20.643508169620336,20.70354212513712
-1.0,35.453,1.0,26.760130309157756,22.615672551537433,22.71988257029697
1.0,22.99,1.0,28.841612114866457,20.594111072606673,20.726767911601897
-1.0,35.453,1.0,31.027022822129553,22.69258965573944,22.642641778528084
1.0,22.99,1.0,0.0892845018860342,20.725819376897743,20.659420101568045
-1.0,35.453,1.0,2.0441391355402505,22.719384566166603,22.763849049094134
1.0,22.99,1.0,4.063537709529397,20.617796191445763,20.601464802301116
-1.0,35.453,1.0,6.189421526636782,22.70980476152765,22.69711513516927
1.0,22.99,1.0,8.232458020231645,20.61305037051217,20.71012179327568
-1.0,35.453,1.0,10.3845586381507,22.675350102414395,22.740297676618823
1.0,22.99,1.0,12.367511855236884,20.67771003034107,20.629363349030434
-1.0,35.453,1.0,14.379726958363069,22.642104017375562,22.699046201840673
1.0,22.99,1.0,16.421549836674952,24.70111982919257,20.613883814847284
-1.0,35.453,1.0,18.5733331103868,26.877808584693927,22.66890987670256
1.0,22.99,1.0,20.70077633266254,24.797845556875785,20.61979057800802
-1.0,35.453,1.0,22.702442385117397,26.877690642533928,22.614377429540593
1.0,22.99,1.0,24.859702390101404,24.705516080338448,20.578537773014947
-1.0,35.453,1.0,26.82734744982306,26.8423487723571,22.65758015487824
1.0,22.99,1.0,28.81477379081209,24.844294255497488,20.713125376188962
-1.0,35.453,1.0,30.90975401447148,26.92879963015177,22.669493706365138
1.0,22.99,1.0,33.01009444791508,24.756320173305554,20.622602807465476
-1.0,35.453,1.0,1.990838911044909,26.89850223397158,22.767328784546653
1.0,22.99,1.0,4.170265458062465,24.700134245657367,20.541976012022754
-1.0,35.453,1.0,6.214074528877271,26.83275371229952,22.6423186706815
1.0,22.99,1.0,8.191360132692015,24.755126096546043,20.710078763765495
-1.0,35.453,1.0,10.371419046314479,26.82814371933161,22.624935045181587
1.0,22.99,1.0,12.294699734181616,24.813750204217293,20.63792305317923
-1.0,35.453,1.0,14.425959824312988,26.91523145051167,22.64231444713422
1.0,22.99,1.0,16.43352969952037,28.884178744401154,20.740034050533655
-1.0,35.453,1.0,18.549019945749198,31.02260520793783,22.747473134489237
1.0,22.99,1.0,20.725843912113792,28.8102170875163,20.600304935232337
-1.0,35.453,1.0,22.66051771808603,30.883362250712718,22.663956457006513
1.0,22.99,1.0,24.773801440815003,28.887653980132605,20.5740074773782
-1.0,35.453,1.0,26.903035172066026,31.021930225097535,22.72643492192378
1.0,22.99,1.0,28.854654056260266,28.921338662968676,20.679356274313008
-1.0,35.453,1.0,30.962826059409096,30.870152589100094,22.75605768665148
1.0,22.99,1.0,32.99796500093467,28.914151218949502,20.676615055161832
-1.0,35.453,1.0,2.0048471317454766,30.9262520652914,22.67117718043888
1.0,22.99,1.0,4.173710648261652,28.965061572982748,20.72130318890368
-1.0,35.453,1.0,6.10918120744657,30.888150002058836,22.764642006398113
1.0,22.99,1.0,8.24145556606642,28.946485271054335,20.688205866865104
-1.0,35.453,1.0,10.372765710587975,30.961709437931002,22.737112189173647
1.0,22.99,1.0,12.355966386322843,28.964337164161744,20.687254790561866
-1.0,35.453,1.0,14.426225023246557,31.01826663319185,22.7199579407467
1.0,22.99,1.0,16.57053146949312,0.056203379503273254,20.699603569113542
-1.0,35.453,1.0,18.641027744547344,2.069902367468565,22.743814716043584
1.0,22.99,1.0,20.734947046737325,0.04509839320608222,20.70771200172917
-1.0,35.453,1.0,22.73527984339093,1.9731957459653575,22.759747304446478
1.0,22.99,1.0,24.67871345100859,32.97546219252095,20.739663005143562
-1.0,35.453,1.0,26.785259074139034,1.9917628852045741,22.746316567056077
1.0,22.99,1.0,28.820856995991097,0.04637013725222516,20.576721484266926
-1.0,35.453,1.0,30.993147681652996,1.9699950704878404,22.77506485982598
1.0,22.99,1.0,32.987629133445004,32.968290402598484,20.69595563526712
-1.0,35.453,1.0,2.0176862222705783,1.9802613507552191,22.710433482946794
1.0,22.99,1.0,4.07615522394685,0.006952477490049347,20.726210642268978
-1.0,35.453,1.0,6.190874353412362,2.0655063046177276,22.6513107023857
1.0,22.99,1.0,8.244897483108799,32.97404055011377,20.734792063328754
-1.0,35.453,1.0,10.234956269561042,2.0864018133167654,22.621283226382722
1.0,22.99,1.0,12.385880561121418,0.07499593533532334,20.55486815740373
-1.0,35.453,1.0,14.414595406829507,2.00371879366727,22.75271381258069
1.0,22.99,1.0,16.42809203280068,4.149370108723492,20.656142802824448
-1.0,35.453,1.0,18.57893107326898,6.111532736100132,22.645612267633613
1.0,22.99,1.0,20.704991921809196,4.194010023129541,20.651708993871022
-1.0,35.453,1.0,22.609620728818992,6.110659227282641,22.75644230622872
1.0,22.99,1.0,24.866165729114698,4.224325307869897,20.64426591956796
-1.0,35.453,1.0,26.781089086397746,6.2372678266883455,22.77226859680443
1.0,22.99,1.0,28.867946492373967,4.070351493433533,20.5584043166263
-1.0,35.453,1.0,30.92120326701079,6.2380801245054975,22.64810288234093
1.0,22.99,1.0,0.09641551719149177,4.129582373511498,20.716025253535168
-1.0,35.453,1.0,2.0990114400472972,6.1626852476497636,22.79012318021286
1.0,22.99,1.0,4.11205813439682,4.155303985017483,20.6064149966609
-1.0,35.453,1.0,6.276428343693254,6.099643618174847,22.788753741233393
1.0,22.99,1.0,8.346747600735446,4.195362327705006,20.70147865920211
-1.0,35.453,1.0,10.337763807342382,6.26906868352868,22.638363861729978
1.0,22.99,1.0,12.36179523737867,4.154491077706787,20.728445215479557
-1.0,35.453,1.0,14.491493557908159,6.221435117062915,22.6899148323715
1.0,22.99,1.0,16.446572096160565,8.247852288128934,20.729349803619847
-1.0,35.453,1.0,18.509476326825048,10.313898215155138,22.760961323274692
1.0,22.99,1.0,20.56460523041043,8.344165287070037,20.708880450713444
-1.0,35.453,1.0,22.672642560616467,10.310613666367388,22.682220321333634
1.0,22.99,1.0,24.748947115123492,8.165858936301754,20.689170939222294
-1.0,35.453,1.0,26.86780671561462,10.3879482693694,22.75520331020875
1.0,22.99,1.0,28.951645808416366,8.316745483740307,20.58194927006091
-1.0,35.453,1.0,30.88534892205221,10.25170219301214,22.786402972915287
1.0,22.99,1.0,0.08710604192610916,8.299810565142403,20.67291955332921
-1.0,35.453,1.0,1.9723843391846536,10.280870492253879,22.652862322302983
1.0,22.99,1.0,4.051169864765411,8.220037372901329,20.71556420010498
-1.0,35.453,1.0,6.175997256499345,10.373364633092933,22.69540516956772
1.0,22.99,1.0,8.186723298592158,8.33780458701002,20.741611558600347
-1.0,35.453,1.0,10.373014455225212,10.279696864439693,22.689578974376733
1.0,22.99,1.0,12.36438071989177,8.18874661255309,20.611486929196303
-1.0,35.453,1.0,14.426318480671357,10.41036431974547,22.773654251793182
1.0,22.99,1.0,16.575354555537757,12.482028958194674,20.592328308463948
-1.0,35.453,1.0,18.629293180071645,14.376271137813665,22.685149002541507
1.0,22.99,1.0,20.61572070451186,12.366372713947056,20.702778542636008
-1.0,35.453,1.0,22.688712859428684,14.360900937264608,22.77258308331887
1.0,22.99,1.0,24.780597020820853,12.43148903786172,20.69799665279197
-1.0,35.453,1.0,26.917271289099503,14.442536859929838,22.635928359916296
1.0,22.99,1.0,28.824948088445765,12.343971949732683,20.63030769618043
-1.0,35.453,1.0,31.04506109936523,14.522221215816774,22.619946771557743
1.0,22.99,1.0,0.02711055243787186,12.29368458698853,20.709520929338108
-1.0,35.453,1.0,2.051187339996499,14.445998513414196,22.646689100846615
1.0,22.99,1.0,4.158243370609471,12.350764550340186,20.68118034557586
-1.0,35.453,1.0,6.177777225222281,14.395427790293585,22.733501220777246
1.0,22.99,1.0,8.246251445289346,12.410130892284485,20.559083298073162
-1.0,35.453,1.0,10.362638073041932,14.386467327131173,22.719134378933827
1.0,22.99,1.0,12.477980842840232,12.314255077640865,20.67300960985762
-1.0,35.453,1.0,14.483309801109916,14.370526725088721,22.763295688947142
1.0,22.99,1.0,16.541938644913465,16.58078668869623,24.83154121283709
-1.0,35.453,1.0,18.60674992005569,18.654092957096072,26.792489994575117
1.0,22.99,1.0,20.669632065479373,16.579588044803504,24.84007243618155
-1.0,35.453,1.0,22.697170866384376,18.578210949228502,26.7359067015203
1.0,22.99,1.0,24.76348359379337,16.581734376057568,24.77897541283896
-1.0,35.453,1.0,26.868460134514066,18.575106868282138,26.925367362393022
1.0,22.99,1.0,28.968595937447237,16.533791881153075,24.83773042872633
-1.0,35.453,1.0,30.968715243686088,18.52231247982039,26.88044260316196
1.0,22.99,1.0,33.00966631241158,16.59000263283746,24.676237095216383
-1.0,35.453,1.0,2.158355478679942,18.53829548614093,26.927733590856597
1.0,22.99,1.0,4.057673919939047,16.510076121155596,24.8690076949895
-1.0,35.453,1.0,6.2903534481900145,18.637954812189776,26.862308619828738
1.0,22.99,1.0,8.306287081428907,16.416823874135627,24.68938211699706
-1.0,35.453,1.0,10.332805200381385,18.522435421867367,26.789279640446537
1.0,22.99,1.0,12.46260779103554,16.48508516845884,24.84981329773007
-1.0,35.453,1.0,14.428504396218958,18.674953225912002,26.901362776034183
1.0,22.99,1.0,16.439694001268684,20.68563136539214,24.7052310942317
-1.0,35.453,1.0,18.518072461168146,22.636273968298504,26.74020561713951
1.0,22.99,1.0,20.719554744373102,20.646695932864823,24.839909437182477
-1.0,35.453,1.0,22.778671352702222,22.68132174989951,26.912648073110297
1.0,22.99,1.0,24.837640761288405,20.73270089781218,24.77921582450879
-1.0,35.453,1.0,26.8431597156359,22.734137366113593,26.920468934565818
1.0,22.99,1.0,28.943881568627063,20.708439147786315,24.73019303854916
-1.0,35.453,1.0,30.92566833178288,22.61744409214964,26.922272886521945
1.0,22.99,1.0,32.9709707656901,20.584849274555012,24.773765836889353
-1.0,35.453,1.0,2.12477285617282,22.621794566823098,26.934098382055023
1.0,22.99,1.0,4.184273556587996,20.545476919707077,24.80211593480316
-1.0,35.453,1.0,6.239924643080858,22.636482196400824,26.77927627472961
1.0,22.99,1.0,8.161393280210595,20.633041883698247,24.71777909166869
-1.0,35.453,1.0,10.295081889761246,22.629353819867088,26.893437537027303
1.0,22.99,1.0,12.45904592923264,20.576991339873942,24.728150468797963
-1.0,35.453,1.0,14.368187322856038,22.696316387984535,26.79955511477336
1.0,22.99,1.0,16.524407733394312,24.851338899030978,24.804082121653565
-1.0,35.453,1.0,18.543815952582776,26.756164412862393,26.894396750735407
1.0,22.99,1.0,20.596791622999387,24.78324944757305,24.812533417489966
-1.0,35.453,1.0,22.619276522232486,26.887316123272967,26.745984318939545
1.0,22.99,1.0,24.71075578416695,24.85575108867136,24.77661100337307
-1.0,35.453,1.0,26.810084338524828,26.814988983218278,26.819090133558035
1.0,22.99,1.0,28.98079978296703,24.821527985747505,24.85861039180002
-1.0,35.453,1.0,30.889507385258057,26.825816776790106,26.83144251347747
1.0,22.99,1.0,32.98325014460327,24.74399995024166,24.809102824403332
-1.0,35.453,1.0,2.161019328148667,26.743636948224577,26.739544075945012
1.0,22.99,1.0,4.208283188956557,24.672220041629984,24.71735725038171
-1.0,35.453,1.0,6.231098360973032,26.7641723699436,26.919581712817717
1.0,22.99,1.0,8.33084729639352,24.741019630061448,24.84742812129318
-1.0,35.453,1.0,10.321874649787194,26.77785348698513,26.885307978474444
1.0,22.99,1.0,12.334757156390143,24.754026139352433,24.69764314078278
-1.0,35.453,1.0,14.463078761907838,26.845492815923805,26.865314830343316
1.0,22.99,1.0,16.529361476891147,28.88908541739721,24.74081352659033
-1.0,35.453,1.0,18.66216093923507,31.040680778139727,26.7512947394255
1.0,22.99,1.0,20.62992098342378,28.93799587660861,24.802069439159432
-1.0,35.453,1.0,22.78873591384308,31.047859693286256,26.912529652521563
1.0,22.99,1.0,24.69629333364601,28.976559190463988,24.847549862736386
-1.0,35.453,1.0,26.79832553407308,30.955631055751645,26.773537175962076
1.0,22.99,1.0,28.876242121293014,28.80145248654934,24.77016670757119
-1.0,35.453,1.0,30.99954597801137,30.97013551336095,26.850924889502274
1.0,22.99,1.0,0.08683663786514018,28.91467509590213,24.800872748297444
-1.0,35.453,1.0,2.034062552573788,31.00539016401204,26.886909492178265
1.0,22.99,1.0,4.177939012817253,28.94271060474498,24.772174358294144
-1.0,35.453,1.0,6.243909896106267,30.922207495080464,26.73506822360696
1.0,22.99,1.0,8.350378334400853,28.80313793904285,24.720190909771038
-1.0,35.453,1.0,10.347754797414385,31.015466880227066,26.83262186525414
1.0,22.99,1.0,12.382278659636437,28.934245126235624,24.77414237143539
-1.0,35.453,1.0,14.37531192939925,30.86905631116977,26.79678786788908
1.0,22.99,1.0,16.48832582257675,0.058285992807764586,24.79135879137749
-1.0,35.453,1.0,18.4971254292565,2.029536726154575,26.85985642137196
1.0,22.99,1.0,20.666855833456996,0.07674890333019846,24.832147805703812
-1.0,35.453,1.0,22.725099425203997,2.1436704826332935,26.75180791394592
1.0,22.99,1.0,24.777715881785486,33.023562586478896,24.67993343280908
-1.0,35.453,1.0,26.89488645672337,2.0419776398742275,26.9068540305478
1.0,22.99,1.0,28.851105486591216,32.981630179638636,24.846312266458206
-1.0,35.453,1.0,30.866865787466693,2.1211729733729108,26.74084448855932
1.0,22.99,1.0,0.05005292624032265,0.0656872154867365,24.75675221876857
-1.0,35.453,1.0,2.1020982913263264,2.058921453858213,26.878091085506835
1.0,22.99,1.0,4.053473212800654,32.940350943844074,24.837235227374457
-1.0,35.453,1.0,6.2507204424036065,1.9946926137102547,26.75367687963527
1.0,22.99,1.0,8.269917547997242,32.998097740901926,24.866470859074724
-1.0,35.453,1.0,10.41717178231574,2.018701682296795,26.78897276023794
1.0,22.99,1.0,12.45018526352893,33.00580417183096,24.687070012038372
-1.0,35.453,1.0,14.389524321233184,1.9969428339611444,26.9260492564545
1.0,22.99,1.0,16.61022433388268,4.065190444049538,24.83512243522207
-1.0,35.453,1.0,18.67544209639418,6.133934641629889,26.744169611943086
1.0,22.99,1.0,20.685955661648393,4.214111702294311,24.696460161803486
-1.0,35.453,1.0,22.621525464496177,6.182271508773281,26.743384466202862
1.0,22.99,1.0,24.8590756701781,4.10599045047382,24.748404122423114
-1.0,35.453,1.0,26.75751750282713,6.191713933385753,26.89028318982464
1.0,22.99,1.0,28.848311404403525,4.218474651223893,24.743103909036478
-1.0,35.453,1.0,30.953693176796264,6.274710364879622,26.745777962560616
1.0,22.99,1.0,0.03058545167124649,4.111347517740242,24.80041977787097
-1.0,35.453,1.0,2.0121488137653945,6.104574420590653,26.850685367934105
1.0,22.99,1.0,4.103150942264159,4.1628277925610355,24.80209385095481
-1.0,35.453,1.0,6.120834404117819,6.286811351765506,26.903661789291984
1.0,22.99,1.0,8.188009561239197,4.166072329648781,24.7561706259119
-1.0,35.453,1.0,10.27580915955857,6.1222884728671065,26.904052255621856
1.0,22.99,1.0,12.383612732044991,4.224046356712385,24.67358885980147
-1.0,35.453,1.0,14.492616486179845,6.1798604524361345,26.74512169069375
1.0,22.99,1.0,16.566423760082984,8.31556471933042,24.69454979630158
-1.0,35.453,1.0,18.593701918013377,10.268825629110449,26.855280038869452
1.0,22.99,1.0,20.58488294126511,8.175190753057697,24.82265500054696
-1.0,35.453,1.0,22.779876823846138,10.402880185259116,26.774905464135955
1.0,22.99,1.0,24.753581516505914,8.190409981561004,24.714034361835992
-1.0,35.453,1.0,26.919175801217555,10.390688223045693,26.85852073512646
1.0,22.99,1.0,28.92779976090746,8.1792899518583,24.749066426294153
-1.0,35.453,1.0,31.003906810576837,10.401097236684276,26.786675854400023
1.0,22.99,1.0,32.96286732027629,8.239129511729823,24.84436654880431
-1.0,35.453,1.0,2.1155215975827293,10.227780200203437,26.844137405689718
1.0,22.99,1.0,4.151522477349907,8.21029726339909,24.784120096350875
-1.0,35.453,1.0,6.219270926997444,10.361234728820016,26.888597477466075
1.0,22.99,1.0,8.322429768569975,8.255076911218252,24.8073342032199
-1.0,35.453,1.0,10.25691288856764,10.414643105576284,26.766684051358713
1.0,22.99,1.0,12.406989453825007,8.334345345795931,24.75975475095479
-1.0,35.453,1.0,14.447075986194708,10.380797930810584,26.896058730442178
1.0,22.99,1.0,16.594056153578805,12.315893575244452,24.812143497300873
-1.0,35.453,1.0,18.55710750185771,14.368211037137375,26.75522733155218
1.0,22.99,1.0,20.609169144042582,12.289092097085565,24.813825431100476
-1.0,35.453,1.0,22.62238243326626,14.399172513383768,26.829573170099696
1.0,22.99,1.0,24.766314282395683,12.297805366135968,24.6787427102111
-1.0,35.453,1.0,26.84571880802097,14.498884913820778,26.78584391447068
1.0,22.99,1.0,28.959188657777325,12.344688389688795,24.82041975202951
-1.0,35.453,1.0,30.866772732486307,14.466191020474854,26.75120012751043
1.0,22.99,1.0,32.96955544438437,12.422314721347414,24.749844876178763
-1.0,35.453,1.0,2.0192347103811485,14.381234112357772,26.734661338663635
1.0,22.99,1.0,4.127097413556619,12.465333166262226,24.753199671486655
-1.0,35.453,1.0,6.261933244225462,14.357104101189645,26.759861158699557
1.0,22.99,1.0,8.333224714433895,12.428370511259118,24.68952549383536
-1.0,35.453,1.0,10.307950527187897,14.5081604238508,26.9129402717787
1.0,22.99,1.0,12.396665197192974,12.38001254971434,24.751933651278314
-1.0,35.453,1.0,14.47015482439184,14.362921836362846,26.826093249335244
1.0,22.99,1.0,16.434067619520334,16.445502674497423,28.89103235142821
-1.0,35.453,1.0,18.661218467840804,18.51546764138676,30.89315383252447
1.0,22.99,1.0,20.641067750212564,16.517317008768686,28.97537162689914
-1.0,35.453,1.0,22.63029158693467,18.542723956308954,30.884730919405165
1.0,22.99,1.0,24.84227669338334,16.481804031549746,28.90627846674538
-1.0,35.453,1.0,26.84765166726164,18.676404721723483,31.023302788255283
1.0,22.99,1.0,28.934433082233205,16.4422481995103,28.853348277792563
-1.0,35.453,1.0,31.036192555672795,18.65418444503902,30.919801013267943
1.0,22.99,1.0,33.02196039068617,16.59178634443203,28.882841925935026
-1.0,35.453,1.0,1.9803784663515103,18.60059266953185,30.955636067446505
1.0,22.99,1.0,4.060381375475817,16.529438406957965,28.867887337135667
-1.0,35.453,1.0,6.276882329960642,18.58360526475584,30.937265485805113
1.0,22.99,1.0,8.356304706091624,16.562503072952378,28.969892308043235
-1.0,35.453,1.0,10.33284753492033,18.654844681278064,31.02508168994666
1.0,22.99,1.0,12.444163135780073,16.5046830092978,28.90360479960942
-1.0,35.453,1.0,14.363525029273076,18.537983162392557,31.04167597746427
1.0,22.99,1.0,16.447261552726896,20.68950449740434,28.86804836753443
-1.0,35.453,1.0,18.495481131415534,22.642053457007172,31.05014021262076
1.0,22.99,1.0,20.592728141456867,20.555085896867663,28.984453317119993
-1.0,35.453,1.0,22.69898609763145,22.75490459732247,30.908635033152134
1.0,22.99,1.0,24.86071438084457,20.559745763922265,28.950066286642315
-1.0,35.453,1.0,26.89121203716096,22.75342859872318,31.050977412204595
1.0,22.99,1.0,28.995795905810258,20.704601920360727,28.947677768656717
-1.0,35.453,1.0,30.98296655507919,22.791763185462585,30.89663316453197
1.0,22.99,1.0,32.983029213216,20.555575465007905,28.835453040662177
-1.0,35.453,1.0,2.0491087744391727,22.65064389439611,31.044328386472337
1.0,22.99,1.0,4.148988449719717,20.700359897482013,28.964982810697038
-1.0,35.453,1.0,6.2525187137068166,22.613422204860004,30.99081070270055
1.0,22.99,1.0,8.230109669374988,20.70218805825896,28.86652668825471
-1.0,35.453,1.0,10.250044239097432,22.670252510457583,30.94989355669468
1.0,22.99,1.0,12.303933539000152,20.689256939383366,28.948904375680854
-1.0,35.453,1.0,14.35854318729519,22.67455003483921,30.886989762100818
1.0,22.99,1.0,16.596476436576246,24.850919699251257,28.89194585945947
-1.0,35.453,1.0,18.53067798297781,26.767038734967226,31.061705954436064
1.0,22.99,1.0,20.55097229302352,24.74580009841009,28.96421622793006
-1.0,35.453,1.0,22.60678791811476,26.933261176714886,30.990613043431665
1.0,22.99,1.0,24.822320101671643,24.850466228659528,28.92001911924504
-1.0,35.453,1.0,26.833274207410476,26.876187601951173,30.86815216503298
1.0,22.99,1.0,28.806571334864444,24.82286197986007,28.80229395171009
-1.0,35.453,1.0,31.005203833087027,26.88095962170846,30.946672047366476
1.0,22.99,1.0,33.02487727660919,24.71965655751456,28.979313370970306
-1.0,35.453,1.0,2.0465537590736123,26.85171140753122,30.885632908151937
1.0,22.99,1.0,4.204638465201384,24.72716803563923,28.799631327636632
-1.0,35.453,1.0,6.259109040614719,26.840598625354126,30.975445966921008
1.0,22.99,1.0,8.190087201185502,24.710119329186057,28.907646625182068
-1.0,35.453,1.0,10.390749656071467,26.8865069677785,30.908889349217812
1.0,22.99,1.0,12.441382335860123,24.796809405487807,28.865234198276937
-1.0,35.453,1.0,14.399138119809665,26.881352469040458,30.955326432797225
1.0,22.99,1.0,16.526367668583042,28.97426864113143,28.967965864232596
-1.0,35.453,1.0,18.552091305414454,31.031952303804253,31.00013500438234
1.0,22.99,1.0,20.695711444138016,28.96063447466024,28.96465499481738
-1.0,35.453,1.0,22.74205813668425,30.873114089050862,31.053794362626753
1.0,22.99,1.0,24.860089409127053,28.96195184395208,28.811584591473974
-1.0,35.453,1.0,26.887136861329644,31.05412921682388,30.862958646263877
1.0,22.99,1.0,28.96658495326323,28.90856813971346,28.874092101523328
-1.0,35.453,1.0,30.946872934938604,30.93447962769138,30.997764702714118
1.0,22.99,1.0,0.08479704158357748,28.993982610918472,28.932930196491913
-1.0,35.453,1.0,2.0042205493158125,30.88649682731119,31.006405921779226
1.0,22.99,1.0,4.1479838001155365,28.911801402647903,28.881031649113517
-1.0,35.453,1.0,6.23775001806553,31.046592622838023,30.92189449557925
1.0,22.99,1.0,8.247763653686212,28.97686317359834,28.8457504057782
-1.0,35.453,1.0,10.419565801381559,30.948733003460426,30.972686295088934
1.0,22.99,1.0,12.308246277965946,28.887609776250585,28.80654287881773
-1.0,35.453,1.0,14.533245551459213,30.908525091807206,30.905747938504838
1.0,22.99,1.0,16.44498538569409,0.07867162101614866,28.95232396119733
-1.0,35.453,1.0,18.648044017939736,1.9957788548623174,30.998063276452108
1.0,22.99,1.0,20.619894751116416,33.00527562335467,28.81612845022687
-1.0,35.453,1.0,22.63755872044213,2.14954876465079,31.044277863906636
1.0,22.99,1.0,24.754396497697464,32.94402889704151,28.91626177613697
-1.0,35.453,1.0,26.86190187839964,2.014778676615089,30.930932629650908
1.0,22.99,1.0,28.869316809448648,0.03346343670141749,28.953764141021555
-1.0,35.453,1.0,30.909882332450994,2.03334943510729,30.96496093404135
1.0,22.99,1.0,32.98277477917192,0.06879065347760616,28.906084602433776
-1.0,35.453,1.0,1.972436767429814,2.097305095071759,31.0213664471694
1.0,22.99,1.0,4.22366488525773,0.013623998052036512,28.954688394766976
-1.0,35.453,1.0,6.1578746825675665,2.147947404720373,30.92254062065163
1.0,22.99,1.0,8.316636361492726,0.009113014819625675,28.905232922694374
-1.0,35.453,1.0,10.303139884235001,2.087638741954814,30.990009617156964
1.0,22.99,1.0,12.409195496162386,0.06147021107377526,28.949834952465842
-1.0,35.453,1.0,14.422942431387867,1.9984508908479768,30.944502878867137
1.0,22.99,1.0,16.522367588000872,4.1650101831899935,28.927815106704088
-1.0,35.453,1.0,18.573634295281074,6.125829258627936,31.01833529991317
1.0,22.99,1.0,20.641867689758683,4.201188672747593,28.877966413510364
-1.0,35.453,1.0,22.75880304088375,6.158395920320226,31.03398546474876
1.0,22.99,1.0,24.801986689061174,4.053127888089499,28.880139016091235
-1.0,35.453,1.0,26.864545593565836,6.109283030661242,30.886960024302503
1.0,22.99,1.0,28.885281895094224,4.143378273734998,28.802729122402525
-1.0,35.453,1.0,30.919254887182102,6.148261128499504,30.92741748419882
1.0,22.99,1.0,32.988038240448255,4.133000390996196,28.897861490953368
-1.0,35.453,1.0,2.0666389208167093,6.288425717575247,30.96037273628636
1.0,22.99,1.0,4.101230874186767,4.223723702501264,28.865714704458707
-1.0,35.453,1.0,6.258821372546068,6.237417817648478,31.002058859384345
1.0,22.99,1.0,8.323413541251481,4.191760520442378,28.901549653893674
-1.0,35.453,1.0,10.394123809194319,6.21347285038469,30.93957777544174
1.0,22.99,1.0,12.329136609243399,4.165401916819578,28.877147475637777
-1.0,35.453,1.0,14.410876843020866,6.288820234681429,30.941236563437016
1.0,22.99,1.0,16.510466545089553,8.327669192962274,28.833443594537272
-1.0,35.453,1.0,18.622308005510025,10.401921901412557,30.935719682897123
1.0,22.99,1.0,20.56739505643716,8.247307453752947,28.941218589748168
-1.0,35.453,1.0,22.678930441670854,10.27848089141433,31.05476984949114
1.0,22.99,1.0,24.79937597735735,8.333435178484432,28.807027667952703
-1.0,35.453,1.0,26.76680805055061,10.356014560689317,30.970553485729134
1.0,22.99,1.0,28.87911711293484,8.293808984905073,28.96236284703104
-1.0,35.453,1.0,30.914734327022753,10.314402156954426,30.9754567875353
1.0,22.99,1.0,32.96431909838782,8.16279900514736,28.906155117771448
-1.0,35.453,1.0,1.9788198864369484,10.261796120588066,30.901945926324906
1.0,22.99,1.0,4.215689543969145,8.34283148976705,28.80355536636778
-1.0,35.453,1.0,6.289440908154875,10.413829076847726,31.041764254847756
1.0,22.99,1.0,8.219608891777758,8.340545470874918,28.8721384907889
-1.0,35.453,1.0,10.308977356810011,10.324467457494485,30.873425463401286
1.0,22.99,1.0,12.460298744544613,8.269138022452317,28.846018278208597
-1.0,35.453,1.0,14.452283072297867,10.395073469619726,30.945915880655935
1.0,22.99,1.0,16.505464192368898,12.45222159648548,28.918123086149528
-1.0,35.453,1.0,18.521636598557986,14.519591230626544,30.982613584465764
1.0,22.99,1.0,20.56213952943142,12.442205786724637,28.960298697059773
-1.0,35.453,1.0,22.75331214461179,14.513505526870913,31.01922854787095
1.0,22.99,1.0,24.82238568802101,12.348220910189212,28.959357831710278
-1.0,35.453,1.0,26.886046183504952,14.354101050639146,30.945087999660537
1.0,22.99,1.0,28.9971538367154,12.438628980929275,28.832684305604317
-1.0,35.453,1.0,30.939714956682394,14.397190266947423,30.908055845316834
1.0,22.99,1.0,33.01743117781942,12.476630234926386,28.830882751105158
-1.0,35.453,1.0,2.125627597163531,14.491042736644903,30.867307679965855
1.0,22.99,1.0,4.114623539944496,12.3563302489406,28.92153345996338
-1.0,35.453,1.0,6.201201050540787,14.48303594761639,30.950014024255005
1.0,22.99,1.0,8.34904292695678,12.401962710738928,28.987709564466684
-1.0,35.453,1.0,10.259164443354415,14.523424455476897,31.04404833299077
1.0,22.99,1.0,12.327526668106215,12.397152051850927,28.805223391923846
-1.0,35.453,1.0,14.494465913828074,14.511270678628645,30.88034760925496
1.0,22.99,1.0,16.419969497152415,16.458600256788475,32.93866218606388
-1.0,35.453,1.0,18.6158642737221,18.62165716959265,2.012240871885618
1.0,22.99,1.0,20.725997409087302,16.45951522818786,32.95263755871332
-1.0,35.453,1.0,22.717927345433516,18.504292123836322,2.0133696911871866
1.0,22.99,1.0,24.738639281401003,16.43278200202987,0.009162268912888294
-1.0,35.453,1.0,26.931255311450496,18.67373069046728,2.0508612090739025
1.0,22.99,1.0,28.96050593706601,16.580740831146393,0.06977990991994432
-1.0,35.453,1.0,31.0451407102303,18.55532759067529,2.0532818863977234
1.0,22.99,1.0,32.97172883862372,16.478925889926106,0.0558246264422273
-1.0,35.453,1.0,2.158144685462762,18.656991040901048,1.9885551237405856
1.0,22.99,1.0,4.04823239525593,16.41705552883429,0.008521286785754256
-1.0,35.453,1.0,6.188182169360173,18.509661543727677,2.052660784752817
1.0,22.99,1.0,8.266148774545295,16.436819921648727,0.05695329520562353
-1.0,35.453,1.0,10.304403862432071,18.57908109780767,2.075003437539408
1.0,22.99,1.0,12.444248165586753,16.509607661392483,0.07512844055963086
-1.0,35.453,1.0,14.362397539585416,18.49568167282711,2.000902428432486
1.0,22.99,1.0,16.60182133464726,20.660014834238133,0.05415438902245384
-1.0,35.453,1.0,18.528076686768056,22.635920022153268,1.9820444077802932
1.0,22.99,1.0,20.649859444073545,20.67810608627827,0.03405860164473751
-1.0,35.453,1.0,22.68101711314241,22.63242184202828,2.160228231021712
1.0,22.99,1.0,24.727834355427703,20.67725538594609,0.0692900455174481
-1.0,35.453,1.0,26.929190485139408,22.75374880531316,2.102305469571947
1.0,22.99,1.0,28.906012931089926,20.64915859010166,32.9654347516703
-1.0,35.453,1.0,30.97314066916633,22.619913902728428,2.0332295591378102
1.0,22.99,1.0,33.02498730205492,20.699809712193606,32.94197823378074
-1.0,35.453,1.0,2.1238808897099606,22.776427856502956,2.1212475588656527
1.0,22.99,1.0,4.12985667201462,20.73055456382176,0.03802177755753533
-1.0,35.453,1.0,6.2660904035448315,22.694240552724395,1.9739177170269748
1.0,22.99,1.0,8.219673035629503,20.66614384757486,0.07240488865850736
-1.0,35.453,1.0,10.402287846763805,22.70775943577561,2.0360900301798512
1.0,22.99,1.0,12.454760458009076,20.559739255446463,0.04849117916583623
-1.0,35.453,1.0,14.477115106479136,22.637146661259607,2.1109048345087285
1.0,22.99,1.0,16.45332350059979,24.710253172121547,33.01054856490377
-1.0,35.453,1.0,18.667838724745234,26.882856726827555,2.1169750235627323
1.0,22.99,1.0,20.65013799461757,24.81463112705966,32.99563444923715
-1.0,35.453,1.0,22.682906677628058,26.74219277876844,2.0368123912299687
1.0,22.99,1.0,24.839340116610884,24.867450947683064,32.990885316868784
-1.0,35.453,1.0,26.909420473121894,26.887960198485725,1.9887304085116568
1.0,22.99,1.0,28.86209748967817,24.684756023871515,32.98118681504849
-1.0,35.453,1.0,30.97730793897,26.777995197739358,1.9699408735332025
1.0,22.99,1.0,0.07667744068368876,24.7117857179978,33.011372733974255
-1.0,35.453,1.0,2.0656487144494946,26.76655248185582,1.9784861223116472
1.0,22.99,1.0,4.176960554866859,24.72221456386741,32.95631672063125
-1.0,35.453,1.0,6.185492784607952,26.802347046037426,2.1520356359603934
1.0,22.99,1.0,8.253129504150564,24.757963216137803,32.9534105046191
-1.0,35.453,1.0,10.272183057609062,26.876982848662962,2.029318781639187
1.0,22.99,1.0,12.37820021285728,24.778396747005164,33.023416951889004
-1.0,35.453,1.0,14.389938936969088,26.874178946435812,2.0798894473885507
1.0,22.99,1.0,16.5606441872753,28.957601340263693,33.01331090530081
-1.0,35.453,1.0,18.621309300242277,30.913672942288315,2.0082961001035393
1.0,22.99,1.0,20.60806758004154,28.968369555546133,0.06617618476471421
-1.0,35.453,1.0,22.611904251149888,30.980068011178275,2.1194951637693933
1.0,22.99,1.0,24.733475325791595,28.84518199501525,0.05193292677129335
-1.0,35.453,1.0,26.78898079443372,30.95827141963159,2.0653868475301227
1.0,22.99,1.0,28.97785586927416,28.894794306761504,0.09187478407474714
-1.0,35.453,1.0,30.881332384971454,31.007448327487865,2.093488947512606
1.0,22.99,1.0,0.020895084640621064,28.847111444306485,0.06944494305196613
-1.0,35.453,1.0,1.997138467322669,30.905411424037947,1.98022216034561
1.0,22.99,1.0,4.221620615649357,28.866185103466783,0.07954545941332825
-1.0,35.453,1.0,6.212390164287598,30.98527213152139,2.125922659941825
1.0,22.99,1.0,8.190037845714583,28.939005488354837,0.039660177782042894
-1.0,35.453,1.0,10.319421308187781,30.957682728788363,2.1581304705591897
1.0,22.99,1.0,12.348660839543598,28.81383599147541,32.99691278605502
-1.0,35.453,1.0,14.370594291219348,31.04079130253546,2.0083934803478307
1.0,22.99,1.0,16.43068857256951,32.952599538851416,0.051993337732124445
-1.0,35.453,1.0,18.634612345220766,1.9735744892273726,2.162463980211781
1.0,22.99,1.0,20.73120040443544,33.00288381227297,32.956520828351294
-1.0,35.453,1.0,22.753777306961446,2.0015598317783727,2.0856601046299676
1.0,22.99,1.0,24.80452272851523,0.06839985685772021,0.0843945026419135
-1.0,35.453,1.0,26.79204774954107,1.9932298012244338,1.9803925206726412
1.0,22.99,1.0,28.84945088125158,32.93296310923587,32.99906557743634
-1.0,35.453,1.0,30.977079876414187,2.08585784631763,2.0224083799129904
1.0,22.99,1.0,32.99431607463449,0.08502884482718187,32.94288781037736
-1.0,35.453,1.0,2.1634104412851567,2.006559028897037,2.065446731724265
1.0,22.99,1.0,4.130070192106885,0.005998030144343858,0.058342895889865076
-1.0,35.453,1.0,6.255152623864536,1.9845964044410813,2.1233262316529746
1.0,22.99,1.0,8.262880860993072,32.9790422824335,0.029665983622358283
-1.0,35.453,1.0,10.295417911183808,2.0642799203076105,1.971365145285004
1.0,22.99,1.0,12.351680159898567,32.9645989307208,32.947435050406185
-1.0,35.453,1.0,14.498779168142235,2.1135988538658115,2.126801023130005
1.0,22.99,1.0,16.479630794692785,4.157230221892508,33.01051396483829
-1.0,35.453,1.0,18.584498643651997,6.269500241753805,2.0607137349666242
1.0,22.99,1.0,20.734159775883953,4.18221123504444,0.02610700422664536
-1.0,35.453,1.0,22.651095089753763,6.156800178608959,1.9887925203739307
1.0,22.99,1.0,24.723707591279137,4.044224882906766,0.02908856650738656
-1.0,35.453,1.0,26.789761468470005,6.2673635021814125,2.1394551891729616
1.0,22.99,1.0,28.973015720553185,4.080914806814253,33.01519079940169
-1.0,35.453,1.0,30.97588383998165,6.263931652269154,2.0392999641411222
1.0,22.99,1.0,33.00546526443537,4.142722566949885,32.98508098132625
-1.0,35.453,1.0,2.1076156038174876,6.263178592126417,2.141011592945244
1.0,22.99,1.0,4.058484951964287,4.0776049658209175,0.09211636339252749
-1.0,35.453,1.0,6.169015570430199,6.250152747902362,2.1635950890044118
1.0,22.99,1.0,8.201491429638496,4.169695905959692,33.00533275409374
-1.0,35.453,1.0,10.246048116258548,6.171341882616058,2.050216966850849
1.0,22.99,1.0,12.461619482622545,4.065724776811232,32.94844930544073
-1.0,35.453,1.0,14.524901058830633,6.265969957520793,2.098178295722164
1.0,22.99,1.0,16.552316129314693,8.203709867628422,32.93179284062602
-1.0,35.453,1.0,18.652577288680025,10.388145545382613,2.155556718331967
1.0,22.99,1.0,20.661680064374778,8.210971195580418,33.01455733033324
-1.0,35.453,1.0,22.80420250746494,10.41901885068225,2.038841092212733
1.0,22.99,1.0,24.799971862632,8.31699758525173,0.05560080522100819
-1.0,35.453,1.0,26.898116832225426,10.2577567914093,2.0044964470499558
1.0,22.99,1.0,28.944370734796532,8.213794244108414,0.06585317239481725
-1.0,35.453,1.0,30.90496590569205,10.280218110526132,2.134723699743631
1.0,22.99,1.0,32.99672546003298,8.28863431354156,0.08143317744034562
-1.0,35.453,1.0,2.0406836384571356,10.410750160139116,2.098134513026995
1.0,22.99,1.0,4.189161387125971,8.343464524100366,0.012634265259464428
-1.0,35.453,1.0,6.282308418142172,10.350359212965092,2.067381715063716
1.0,22.99,1.0,8.204229368762995,8.223290859803495,32.99163793886696
-1.0,35.453,1.0,10.231204568100782,10.313422185481631,2.043929193296073
1.0,22.99,1.0,12.443084640639551,8.341879024545248,0.01314034918706497
-1.0,35.453,1.0,14.363308907107381,10.246444038626414,2.072701391329508
1.0,22.99,1.0,16.5842541965847,12.356684770434754,32.934273472674455
-1.0,35.453,1.0,18.486297173142813,14.446739494747186,2.1067965987151815
1.0,22.99,1.0,20.723626136010573,12.302728362409116,32.97509667474246
-1.0,35.453,1.0,22.62742291532458,14.515441333812884,2.094575892365979
1.0,22.99,1.0,24.73741553263662,12.293876365346907,0.006384601014435276
-1.0,35.453,1.0,26.863633226903005,14.468689539635385,2.1368478843049807
1.0,22.99,1.0,28.97326093567829,12.454990283102928,0.05340324567003307
-1.0,35.453,1.0,30.996193799533504,14.510516455641564,2.1584293764678044
1.0,22.99,1.0,32.997346656136145,12.443041070745437,32.999778853739016
-1.0,35.453,1.0,2.0904280570859815,14.525409702147606,1.976655922004399
1.0,22.99,1.0,4.060261277724912,12.432058448448155,32.96274947834746
-1.0,35.453,1.0,6.166473787131187,14.397647271052708,2.0519301898762805
1.0,22.99,1.0,8.340767008697895,12.404169657728263,32.94559433726626
-1.0,35.453,1.0,10.22266698144821,14.53450216817115,2.101046455228099
1.0,22.99,1.0,12.443494834632373,12.3679046185306,32.96815587517242
-1.0,35.453,1.0,14.514964992914209,14.486656704771754,1.9750707330182973
1.0,22.99,1.0,16.479233343934887,16.610767490129785,4.17452974942565
-1.0,35.453,1.0,18.508013327229577,18.513064756376398,6.262815529193315
1.0,22.99,1.0,20.547728878706284,16.528894686329387,4.103658141014511
-1.0,35.453,1.0,22.627126809566306,18.513431996524297,6.105526897802532
1.0,22.99,1.0,24.850027197912382,16.53203453728056,4.191929662242469
-1.0,35.453,1.0,26.87736937444862,18.529909608171685,6.197470174042563
1.0,22.99,1.0,28.997355132671895,16.486336717647436,4.20945303814802
-1.0,35.453,1.0,31.004068333546996,18.507062163195314,6.23851011771429
1.0,22.99,1.0,32.9444594818284,16.537737480218194,4.1577723626831915
-1.0,35.453,1.0,2.044917354981214,18.67158967766042,6.265992245025938
1.0,22.99,1.0,4.0662439688247165,16.467427409852426,4.0852962201231
-1.0,35.453,1.0,6.112907216120682,18.669696799161763,6.215934470059803
1.0,22.99,1.0,8.241054746434871,16.456747699557106,4.196726443337301
-1.0,35.453,1.0,10.323745688615798,18.5793649209481,6.13595462361946
1.0,22.99,1.0,12.384413898990772,16.56828658746313,4.059116827537183
-1.0,35.453,1.0,14.458742926919687,18.62431759016666,6.154486268660861
1.0,22.99,1.0,16.422617616958163,20.707123377912026,4.1109802835202345
-1.0,35.453,1.0,18.57334650016387,22.679346991483527,6.097158299992545
1.0,22.99,1.0,20.6794497836465,20.586059450058535,4.067823403710467
-1.0,35.453,1.0,22.666201907573473,22.686574550654818,6.098505996593943
1.0,22.99,1.0,24.823114179514956,20.68628806367134,4.042799296228742
-1.0,35.453,1.0,26.803830918753246,22.654398675402277,6.219633313800953
1.0,22.99,1.0,28.838690508721577,20.717377058568495,4.208331267068353
-1.0,35.453,1.0,30.976263959048488,22.724697376492152,6.27501462806619
1.0,22.99,1.0,32.99254713225435,20.68046392902763,4.223708576315991
-1.0,35.453,1.0,2.1556508854282406,22.79467827895929,6.269413024740549
1.0,22.99,1.0,4.151076185234555,20.576425879425354,4.064774128271717
-1.0,35.453,1.0,6.234295493741355,22.619387573731974,6.145530417478916
1.0,22.99,1.0,8.268374016039383,20.681660167696652,4.156385293250391
-1.0,35.453,1.0,10.354806549519136,22.61760413834299,6.172740497582717
1.0,22.99,1.0,12.483939052308166,20.630539490021803,4.083326569828198
-1.0,35.453,1.0,14.535752165712655,22.716421202425877,6.197986656272015
1.0,22.99,1.0,16.60710409554388,24.860502063544516,4.169279169321484
-1.0,35.453,1.0,18.530549994425016,26.803848880460258,6.214791715082269
1.0,22.99,1.0,20.64297277082402,24.736825175970203,4.115773538304683
-1.0,35.453,1.0,22.671622610366914,26.83221113722523,6.121113619181873
1.0,22.99,1.0,24.85637525900102,24.75066827788506,4.186918691743745
-1.0,35.453,1.0,26.784844355374048,26.808469839162072,6.0927051748386365
1.0,22.99,1.0,28.886701055275676,24.836100912265064,4.043148471738094
-1.0,35.453,1.0,30.955108339150847,26.85208048304743,6.174149134777226
1.0,22.99,1.0,33.00608152416483,24.715212426147367,4.209302212494446
-1.0,35.453,1.0,2.0868263474879587,26.83000427627197,6.190453046398838
1.0,22.99,1.0,4.120493940763367,24.760217821927906,4.165653183386139
-1.0,35.453,1.0,6.209032046705216,26.899952899703123,6.248516269640907
1.0,22.99,1.0,8.240536461088809,24.685196727850624,4.110823978692581
-1.0,35.453,1.0,10.258626296780811,26.803692976062738,6.207861543858913
1.0,22.99,1.0,12.344357607538193,24.86561381259436,4.045631338588276
-1.0,35.453,1.0,14.509531093782183,26.79612987675062,6.217841914970055
1.0,22.99,1.0,16.460858421904884,28.974204428376517,4.127940275477718
-1.0,35.453,1.0,18.675400720238695,31.05655924647086,6.194941717065632
1.0,22.99,1.0,20.607575677182595,28.82736911951084,4.137166717510393
-1.0,35.453,1.0,22.609879087611613,30.919210204953657,6.12832250649908
1.0,22.99,1.0,24.796790919613244,28.856359100838,4.076722320003322
-1.0,35.453,1.0,26.783879636696305,30.97316585066733,6.243233683043508
1.0,22.99,1.0,28.890515980256577,28.904998018464987,4.098068613060713
-1.0,35.453,1.0,30.972645055010915,30.91506775950105,6.112374914113801
1.0,22.99,1.0,0.09995481318937038,28.95247052380691,4.057890962631335
-1.0,35.453,1.0,2.162915112378556,30.866056009958417,6.135671635394859
1.0,22.99,1.0,4.226019019802052,28.977939910024613,4.224851230140359
-1.0,35.453,1.0,6.258882911035913,30.973857867633704,6.134299536552531
1.0,22.99,1.0,8.190006289583984,28.834456664289277,4.129914085464302
-1.0,35.453,1.0,10.306574125247923,30.97903811636361,6.271294300472519
1.0,22.99,1.0,12.432632316569073,28.8545595600743,4.154888830842227
-1.0,35.453,1.0,14.406791736953078,30.996369409507007,6.199787264618315
1.0,22.99,1.0,16.600706541665538,32.969665783389495,4.045802555235168
-1.0,35.453,1.0,18.54519209623383,2.1238748976465196,6.161153669750387
1.0,22.99,1.0,20.73562306852229,32.95509480686766,4.054754323783355
-1.0,35.453,1.0,22.718423092022018,2.0443281075241853,6.2379020680392685
1.0,22.99,1.0,24.731455572972113,0.039312552729324324,4.143626078153888
-1.0,35.453,1.0,26.905972731735034,1.969612675589726,6.208055123602746
1.0,22.99,1.0,28.89153036946751,0.015172583080882873,4.079492446193864
-1.0,35.453,1.0,31.06129204723623,2.114127630826463,6.229477100414542
1.0,22.99,1.0,32.989029646157235,0.016882530608341995,4.19616092842959
-1.0,35.453,1.0,2.030318695500167,2.015338826030071,6.236306452141898
1.0,22.99,1.0,4.111436786773778,32.96493109449419,4.073611446208579
-1.0,35.453,1.0,6.124550094336998,2.1366289778628342,6.2222585485629995
1.0,22.99,1.0,8.170403149532513,33.004968469476076,4.0380773260784295
-1.0,35.453,1.0,10.353680070676363,2.0198355552659617,6.2017342839444645
1.0,22.99,1.0,12.344172707887875,32.94815412522217,4.065921526692351
-1.0,35.453,1.0,14.414421670168778,1.9785080930956358,6.251885071100494
1.0,22.99,1.0,16.43851954988878,4.159932867639387,4.17856131314254
-1.0,35.453,1.0,18.65940101498153,6.20701506086419,6.141152032348836
1.0,22.99,1.0,20.624445381896074,4.073240039367667,4.114651113437496
-1.0,35.453,1.0,22.632544066877657,6.103203820592057,6.155366443027832
1.0,22.99,1.0,24.846663682719758,4.195086208550265,4.090970413175086
-1.0,35.453,1.0,26.877986133822667,6.205622380918069,6.158537438618314
1.0,22.99,1.0,28.932509767758752,4.100033062959378,4.132241393352553
-1.0,35.453,1.0,30.923303377139057,6.29159753344255,6.146518353573473
1.0,22.99,1.0,32.97203653408257,4.219076491081417,4.124154098915239
-1.0,35.453,1.0,2.013194752074636,6.19817682064483,6.2394809195297505
1.0,22.99,1.0,4.120726334915769,4.1250032349478385,4.158333214412464
-1.0,35.453,1.0,6.113825160278093,6.0928430847376,6.2914572692790784
1.0,22.99,1.0,8.268388089073728,4.037018548347358,4.192242376480635
-1.0,35.453,1.0,10.314364669425535,6.099647170318272,6.264805133890679
1.0,22.99,1.0,12.307025798109716,4.042252500430715,4.152799732366672
-1.0,35.453,1.0,14.479737292400682,6.1001568829565365,6.195371289140363
1.0,22.99,1.0,16.42124448168111,8.300245369657992,4.045554523658989
-1.0,35.453,1.0,18.500544654827,10.3688892634661,6.286260148385132
1.0,22.99,1.0,20.57558683677027,8.280095000395113,4.1411528421988475
-1.0,35.453,1.0,22.7747756162667,10.313626180789939,6.167488236899958
1.0,22.99,1.0,24.80535570634813,8.269145853069109,4.046511491535185
-1.0,35.453,1.0,26.776173959784074,10.372124774383686,6.118988447959364
1.0,22.99,1.0,28.969775741517417,8.280565230922752,4.20928702889019
-1.0,35.453,1.0,30.943513569648914,10.320853951560576,6.147407637515071
1.0,22.99,1.0,0.019184271451127444,8.303884507395372,4.04119774661115
-1.0,35.453,1.0,2.1510237514848694,10.341720276239068,6.2106414523137055
1.0,22.99,1.0,4.198839336009264,8.246486352713411,4.210729061213078
-1.0,35.453,1.0,6.229721792562387,10.390890243285996,6.108029455653343
1.0,22.99,1.0,8.327049807409177,8.338467248618453,4.042236483943963
-1.0,35.453,1.0,10.352031312011764,10.254237910575341,6.231146134355766
1.0,22.99,1.0,12.414438165925096,8.18381988269979,4.052091235746142
-1.0,35.453,1.0,14.45620057527625,10.318882480350574,6.18017157075322
1.0,22.99,1.0,16.47246867907067,12.428125924300794,4.036144731313437
-1.0,35.453,1.0,18.51150039479315,14.543741346127897,6.158919757097808
1.0,22.99,1.0,20.5835713591706,12.483728072897685,4.2208216871960325
-1.0,35.453,1.0,22.794614345823575,14.434590882948664,6.258972429633834
1.0,22.99,1.0,24.70813379267951,12.408190708308041,4.041026137987474
-1.0,35.453,1.0,26.777765536545687,14.408052744553677,6.273765936887312
1.0,22.99,1.0,28.976626240146544,12.324384985213443,4.174372713418801
-1.0,35.453,1.0,30.950904699980384,14.455264856259307,6.2821990023357355
1.0,22.99,1.0,0.011074426893983969,12.367404579753053,4.077215163044418
-1.0,35.453,1.0,2.010976751479591,14.381038439049693,6.222692140110135
1.0,22.99,1.0,4.220260119084928,12.47883604644452,4.089723413616486
-1.0,35.453,1.0,6.166534016442592,14.452690435062717,6.125507233219679
1.0,22.99,1.0,8.21913775922023,12.322896010703772,4.097828262789131
-1.0,35.453,1.0,10.405219934373804,14.375935828036486,6.211453595939227
1.0,22.99,1.0,12.432560322561352,12.315420159940746,4.108539949055309
-1.0,35.453,1.0,14.398797137051922,14.453079731506094,6.092903229886193
1.0,22.99,1.0,16.479738220213804,16.53355416925529,8.183660570242145
-1.0,35.453,1.0,18.58079372608141,18.54939562005777,10.249415488780492
1.0,22.99,1.0,20.60620911801156,16.57091813307077,8.214843817229367
-1.0,35.453,1.0,22.621013131142067,18.636614866186314,10.274068470643972
1.0,22.99,1.0,24.76506097296786,16.471824248536166,8.243797183545627
-1.0,35.453,1.0,26.775804139065812,18.62913558485155,10.246319354070256
1.0,22.99,1.0,28.867699103433345,16.58853687288729,8.172758139971604
-1.0,35.453,1.0,30.945291518291775,18.551805184098516,10.359814443291803
1.0,22.99,1.0,32.97616051568095,16.457426545348817,8.343724431778536
-1.0,35.453,1.0,2.1272632194100893,18.60809668967293,10.266705280285091
1.0,22.99,1.0,4.121473505983181,16.49440505365391,8.220222999210806
-1.0,35.453,1.0,6.2904629473128875,18.594399818472144,10.296344933427019
1.0,22.99,1.0,8.31965985301381,16.448412637342894,8.271593760939677
-1.0,35.453,1.0,10.405756379782076,18.562753851002704,10.39022742062382
1.0,22.99,1.0,12.36522299715241,16.468541475864736,8.180246628480383
-1.0,35.453,1.0,14.529751614938974,18.661228207241177,10.245948410014304
1.0,22.99,1.0,16.502968238183666,20.707320219436227,8.23350598986943
-1.0,35.453,1.0,18.6476036415295,22.805344213630967,10.378818280518818
1.0,22.99,1.0,20.606260832790127,20.68102160779875,8.236165342025625
-1.0,35.453,1.0,22.639616640492104,22.770771818804995,10.317547326571592
1.0,22.99,1.0,24.686739139886917,20.68934209263169,8.203579393992523
-1.0,35.453,1.0,26.86575741991948,22.782752933665915,10.384279065802701
1.0,22.99,1.0,28.91699669373348,20.571913848936482,8.318891136548745
-1.0,35.453,1.0,30.944106933504152,22.676147577726805,10.235739871683254
1.0,22.99,1.0,32.96545599119165,20.72983406500236,8.297448151781317
-1.0,35.453,1.0,2.0789989524047208,22.655200677928548,10.275098725304632
1.0,22.99,1.0,4.184106988698673,20.639219453618608,8.225433602553927
-1.0,35.453,1.0,6.1579848965867985,22.770987755957602,10.395183565618172
1.0,22.99,1.0,8.257950094305322,20.56401261835309,8.213424508405614
-1.0,35.453,1.0,10.280110514881592,22.70780883472091,10.264137951743768
1.0,22.99,1.0,12.452055366551962,20.568788014189927,8.334398924916835
-1.0,35.453,1.0,14.441122225219583,22.78073511293587,10.320898140640104
1.0,22.99,1.0,16.53771292554721,24.715174931507477,8.275914717906067
-1.0,35.453,1.0,18.54505756128936,26.752529911079492,10.235618994459854
1.0,22.99,1.0,20.683011395224398,24.730891551082504,8.225691004773273
-1.0,35.453,1.0,22.71937166499788,26.785915008468983,10.370232787075981
1.0,22.99,1.0,24.764540761045843,24.838331851857106,8.288995601094749
-1.0,35.453,1.0,26.81662870128057,26.766399465652235,10.26447431542626
1.0,22.99,1.0,28.939425984234656,24.74028754322475,8.34308818432215
-1.0,35.453,1.0,31.010311392981684,26.916406658267327,10.307785354483947
1.0,22.99,1.0,0.03401176411832196,24.70686976506579,8.241564563650947
-1.0,35.453,1.0,2.07711538867272,26.861627846972596,10.409673610970149
1.0,22.99,1.0,4.06178400709914,24.784875420702768,8.214185955460103
-1.0,35.453,1.0,6.175662810689076,26.76985182384381,10.37082470095541
1.0,22.99,1.0,8.180872965643578,24.741951054796147,8.339819303215178
-1.0,35.453,1.0,10.37652163350604,26.87811959406497,10.322550485946396
1.0,22.99,1.0,12.38419079240553,24.747015672927148,8.336864155740626
-1.0,35.453,1.0,14.529647410382694,26.770455004331886,10.331797568502552
1.0,22.99,1.0,16.56304457078273,28.851888728728852,8.22534905746875
-1.0,35.453,1.0,18.592318104323176,30.941996907473584,10.307359677487923
1.0,22.99,1.0,20.565994263251543,28.822891916520003,8.166854912649166
-1.0,35.453,1.0,22.627498860747806,30.874817039051152,10.358632015408691
1.0,22.99,1.0,24.837833226492553,28.852534357844256,8.202851086248979
-1.0,35.453,1.0,26.77466210525283,31.0167817274827,10.306417918009966
1.0,22.99,1.0,28.966881299075126,28.85761933800616,8.224912925201208
-1.0,35.453,1.0,30.931669629773644,30.88575385238738,10.367945881425571
1.0,22.99,1.0,0.04945926505772391,28.95813866744588,8.25270299889168
-1.0,35.453,1.0,2.0477308533767964,30.917146891289512,10.327655550696864
1.0,22.99,1.0,4.033383316887557,28.992058225217285,8.306636434135122
-1.0,35.453,1.0,6.2526951106454565,31.034805587768027,10.382557897716902
1.0,22.99,1.0,8.315938899738583,28.921049657716814,8.22403600485201
-1.0,35.453,1.0,10.290586098792632,30.926685391486174,10.275280764537985
1.0,22.99,1.0,12.396095783850335,28.996664211509668,8.219725332291574
-1.0,35.453,1.0,14.401705995962985,30.984414020053855,10.296312527200946
1.0,22.99,1.0,16.595503497269622,32.962620464775796,8.355941915255352
-1.0,35.453,1.0,18.568623464605352,2.0637342417681506,10.390873814662093
1.0,22.99,1.0,20.563317674199087,32.95924160810185,8.26744051899844
-1.0,35.453,1.0,22.719422014409744,2.078164283110052,10.326182183757556
1.0,22.99,1.0,24.810359416315272,32.99204817160398,8.33046483749431
-1.0,35.453,1.0,26.80733024739903,1.9782711770390122,10.395569458967618
1.0,22.99,1.0,28.857601023712764,32.99135915904317,8.276818840147321
-1.0,35.453,1.0,30.879281300210025,1.98256049597431,10.223661866551335
1.0,22.99,1.0,33.01744831061611,0.07378612543692498,8.348362456355748
-1.0,35.453,1.0,2.08576701291833,2.1045438253095448,10.282117800237895
1.0,22.99,1.0,4.220925704889522,32.971849511380114,8.290046014635234
-1.0,35.453,1.0,6.1269954489176275,2.132281501475875,10.413257124184973
1.0,22.99,1.0,8.214783386911819,33.01463728176692,8.204867318146944
-1.0,35.453,1.0,10.357376097636532,2.1519824315015263,10.268439213142626
1.0,22.99,1.0,12.419514878410535,33.0026718740899,8.281914761560282
-1.0,35.453,1.0,14.43169576080916,2.110060468679327,10.252254725854488
1.0,22.99,1.0,16.43728192631329,4.033157315308493,8.226443549766872
-1.0,35.453,1.0,18.64278521243455,6.099608802479512,10.392390025023142
1.0,22.99,1.0,20.71045749772422,4.17291180928332,8.206066460311746
-1.0,35.453,1.0,22.798704065823614,6.180522712266443,10.34925097825148
1.0,22.99,1.0,24.79270378695381,4.127907237819315,8.295907117019096
-1.0,35.453,1.0,26.76692774105475,6.259703157786028,10.323662591049445
1.0,22.99,1.0,28.868049519716465,4.100161343019664,8.292079008672816
-1.0,35.453,1.0,31.047536775098322,6.189392292463104,10.386749757079155
1.0,22.99,1.0,0.03630740641045449,4.074845146160147,8.324506729581518
-1.0,35.453,1.0,2.1552827686157077,6.264530886489574,10.41921816993765
1.0,22.99,1.0,4.0645051821123594,4.166824794015929,8.339807345872252
-1.0,35.453,1.0,6.161093111032107,6.112881870400626,10.268861259330503
1.0,22.99,1.0,8.216301443599935,4.205007067283342,8.340369645620285
-1.0,35.453,1.0,10.23564879343099,6.094423619821443,10.406412478711601
1.0,22.99,1.0,12.480146090812568,4.144610037686096,8.229348391500716
-1.0,35.453,1.0,14.36387797145357,6.1247880549637586,10.326560573197229
1.0,22.99,1.0,16.4292461907269,8.187290692252589,8.256860438074169
-1.0,35.453,1.0,18.533797976191707,10.392515378742402,10.419505321161488
1.0,22.99,1.0,20.66017507804664,8.247897985491601,8.188421401551441
-1.0,35.453,1.0,22.752029203327126,10.391057940229604,10.414536024395957
1.0,22.99,1.0,24.72798424396709,8.31005885102866,8.245087618986641
-1.0,35.453,1.0,26.827325737377386,10.407109157396837,10.223023679442942
1.0,22.99,1.0,28.811465014426503,8.265631896422697,8.256714765326533
-1.0,35.453,1.0,31.034615540823594,10.41733575313427,10.222589497775179
1.0,22.99,1.0,0.05915653712403923,8.326754186578361,8.294573586718649
-1.0,35.453,1.0,2.115148214880257,10.28006547638779,10.315252204491426
1.0,22.99,1.0,4.136042374505262,8.347362592011585,8.310275797105536
-1.0,35.453,1.0,6.096774952052298,10.371654043345576,10.231728559893336
1.0,22.99,1.0,8.160189889706523,8.317681549395395,8.262216300388063
-1.0,35.453,1.0,10.248638739587978,10.362326970155575,10.410199255473472
1.0,22.99,1.0,12.333788451780869,8.195910696824063,8.173641608058782
-1.0,35.453,1.0,14.470613566995775,10.392327831360962,10.338777679971123
1.0,22.99,1.0,16.54424645743636,12.336179266599714,8.161847442395965
-1.0,35.453,1.0,18.6405817653925,14.385921617863769,10.368748547905987
1.0,22.99,1.0,20.66487389346708,12.411292747682735,8.24872862675551
-1.0,35.453,1.0,22.702014659058463,14.410467220064692,10.307123685719409
1.0,22.99,1.0,24.754585553896973,12.452279570035476,8.163028672219
-1.0,35.453,1.0,26.7731394560168,14.37569888695078,10.326254377880495
1.0,22.99,1.0,28.839265436767313,12.428620681072973,8.242228871710905
-1.0,35.453,1.0,30.88545828283609,14.447980766195354,10.296909154499078
1.0,22.99,1.0,0.05294280791899553,12.307932361810417,8.305182395875322
-1.0,35.453,1.0,2.108409332003564,14.50139293717478,10.361100335371516
1.0,22.99,1.0,4.0914967120735515,12.322720701080609,8.204495472055632
-1.0,35.453,1.0,6.147929926246276,14.351087857632535,10.33520804156522
1.0,22.99,1.0,8.201729448046027,12.379341517826528,8.322039306696258
-1.0,35.453,1.0,10.396886563398237,14.371603667285475,10.351876961375545
1.0,22.99,1.0,12.404793456946571,12.427350049234178,8.250800118449902
-1.0,35.453,1.0,14.53794537011423,14.40590585869454,10.394454070226654
1.0,22.99,1.0,16.430225337775784,16.504539210292734,12.429333667227905
-1.0,35.453,1.0,18.631423386905904,18.57025954012676,14.46384335531193
1.0,22.99,1.0,20.738809459845463,16.5151662872202,12.323549262746944
-1.0,35.453,1.0,22.675284026206068,18.608580908873165,14.531024134643364
1.0,22.99,1.0,24.86135183838614,16.46324234547974,12.410325949273854
-1.0,35.453,1.0,26.740733733595587,18.667660706736925,14.483384355178524
1.0,22.99,1.0,28.948457385720136,16.499719823251546,12.451114054088485
-1.0,35.453,1.0,30.941904692801238,18.650736343617755,14.455232661980306
1.0,22.99,1.0,32.93263426047568,16.436100560789846,12.44342621251791
-1.0,35.453,1.0,2.127019521208215,18.489063959911384,14.37310357022066
1.0,22.99,1.0,4.089948197092882,16.606606231846754,12.421388131569241
-1.0,35.453,1.0,6.256705253813326,18.50636242221474,14.394106053040762
1.0,22.99,1.0,8.223710562108955,16.590101590179138,12.373438910572865
-1.0,35.453,1.0,10.409139407877518,18.637911511407797,14.51302581691336
1.0,22.99,1.0,12.301457672042702,16.60216948073568,12.43238426867784
-1.0,35.453,1.0,14.429092859293583,18.619743589406255,14.534659974560112
1.0,22.99,1.0,16.581444326394966,20.603128760907424,12.444402263943772
-1.0,35.453,1.0,18.50598453526297,22.782683955549242,14.383205604048564
1.0,22.99,1.0,20.697737669235313,20.625808843123835,12.293354300559173
-1.0,35.453,1.0,22.686837151347696,22.801918103314833,14.36804305896317
1.0,22.99,1.0,24.700378771554377,20.65319942880171,12.323047185864182
-1.0,35.453,1.0,26.764648288849315,22.623098881307403,14.396033706966655
1.0,22.99,1.0,28.89710507499081,20.692808543822153,12.451800183947277
-1.0,35.453,1.0,30.909865606173206,22.796141592355568,14.534010582820105
1.0,22.99,1.0,32.98224754326081,20.7027508379225,12.35464671286655
-1.0,35.453,1.0,2.0099493037428147,22.756056342605977,14.482257042210582
1.0,22.99,1.0,4.100058800211979,20.730144401802335,12.470710508356117
-1.0,35.453,1.0,6.147310242426926,22.66559425010825,14.523452218808101
1.0,22.99,1.0,8.294422366057985,20.554724787165927,12.422911929173285
-1.0,35.453,1.0,10.351205784149666,22.784738495835626,14.366355115987261
1.0,22.99,1.0,12.434467157016293,20.72763803509206,12.441706038829714
-1.0,35.453,1.0,14.427270895752688,22.623575461352743,14.426840518818683
1.0,22.99,1.0,16.533655169057667,24.69885284658888,12.397775539334262
-1.0,35.453,1.0,18.57037353432361,26.84677935843521,14.53561967867635
1.0,22.99,1.0,20.73861140524673,24.706600169776515,12.39094093282905
-1.0,35.453,1.0,22.795404925956923,26.867569247494792,14.45894529904907
1.0,22.99,1.0,24.753967876664653,24.68799062381521,12.360256730199492
-1.0,35.453,1.0,26.780686200036993,26.91914323826291,14.514213678732318
1.0,22.99,1.0,28.866152678776213,24.787733056400253,12.334109885552792
-1.0,35.453,1.0,31.056234561998487,26.809768267891698,14.391786218187251
1.0,22.99,1.0,0.005074773878238403,24.789280807142685,12.34028876787496
-1.0,35.453,1.0,2.015525598784105,26.835359374677104,14.438757003963286
1.0,22.99,1.0,4.0785342948307814,24.75863580428092,12.399888907319806
-1.0,35.453,1.0,6.117269426356966,26.869068385187514,14.38292414505279
1.0,22.99,1.0,8.160345403190682,24.853638026608742,12.427935210154324
-1.0,35.453,1.0,10.30737761271562,26.904100416268157,14.501049710126015
1.0,22.99,1.0,12.40074571377599,24.792157225593666,12.425579647423012
-1.0,35.453,1.0,14.403684598356095,26.91232668634781,14.540408064689757
1.0,22.99,1.0,16.56399463605228,28.804947136159278,12.401857378806783
-1.0,35.453,1.0,18.652735073176146,30.907818677083753,14.544295959535498
1.0,22.99,1.0,20.56658790200649,28.925125014430023,12.346599591327646
-1.0,35.453,1.0,22.68159088842654,30.93433722558038,14.359229518903996
1.0,22.99,1.0,24.729398625895968,28.840413603866153,12.433942256699233
-1.0,35.453,1.0,26.9242827084098,30.871785761578153,14.362511510033919
1.0,22.99,1.0,28.924115913898774,28.911132537107967,12.33356265644764
-1.0,35.453,1.0,30.965923060980487,30.917751154629308,14.476319507356145
1.0,22.99,1.0,33.0160379228791,28.93808514312729,12.341379825228193
-1.0,35.453,1.0,2.0035600186434532,30.988641216704025,14.518842217084291
1.0,22.99,1.0,4.159157292230745,28.971374440411033,12.288861623890066
-1.0,35.453,1.0,6.125304711251317,31.04881332111262,14.50920124240738
1.0,22.99,1.0,8.284762394510743,28.879711801633164,12.420062604963775
-1.0,35.453,1.0,10.31042619144013,30.91572500056136,14.504931859897994
1.0,22.99,1.0,12.372845709073527,28.9405290207072,12.461426152239255
-1.0,35.453,1.0,14.425519811295288,31.042174014519574,14.405955751782788
1.0,22.99,1.0,16.49779344536005,0.08824258468759538,12.295124944222511
-1.0,35.453,1.0,18.561698650096826,2.0520294648179025,14.49184600351511
1.0,22.99,1.0,20.56191296304929,0.03945853422667156,12.460947444802368
-1.0,35.453,1.0,22.690540539375675,1.979221807008825,14.520348893648308
1.0,22.99,1.0,24.831475248290438,0.08740212670995717,12.447356195850098
-1.0,35.453,1.0,26.903717297670774,2.1625636188330546,14.382411728039763
1.0,22.99,1.0,28.877574804556556,0.06363396551777356,12.308661146018345
-1.0,35.453,1.0,30.948228306916647,2.028990914689752,14.381546677943719
1.0,22.99,1.0,0.04775044337696599,0.06759581432298845,12.285076760230428
-1.0,35.453,1.0,2.0597295828521656,2.0561097615063844,14.492741085513275
1.0,22.99,1.0,4.098603198541648,33.0256236957993,12.44198397230988
-1.0,35.453,1.0,6.283763098446947,1.9833674544205628,14.350123948506862
1.0,22.99,1.0,8.195683402231769,0.05074572656716114,12.470611199947129
-1.0,35.453,1.0,10.289431214105942,2.0612748897935766,14.482206565895192
1.0,22.99,1.0,12.461707803274125,33.019158834895194,12.380000010927574
-1.0,35.453,1.0,14.376544497676544,2.064777533080436,14.484133092485674
1.0,22.99,1.0,16.44333351986656,4.215817386181202,12.422595498525514
-1.0,35.453,1.0,18.52151650234104,6.237533631054847,14.547417654086397
1.0,22.99,1.0,20.675286524868817,4.099509495058422,12.29864180036967
-1.0,35.453,1.0,22.74699024362519,6.1164033905532165,14.489013313556832
1.0,22.99,1.0,24.75010250635623,4.04875870340622,12.40246248840609
-1.0,35.453,1.0,26.885202546018633,6.195465459024392,14.53797327000516
1.0,22.99,1.0,28.958466790812373,4.132933494093779,12.415075904192811
-1.0,35.453,1.0,31.012374006264743,6.231565723119363,14.383274552828386
1.0,22.99,1.0,0.06567691911865836,4.073892140545119,12.323595462629328
-1.0,35.453,1.0,2.1432402705289064,6.1063342582885145,14.517505346807987
1.0,22.99,1.0,4.167377975703882,4.219232816138458,12.446069093704981
-1.0,35.453,1.0,6.211260850265786,6.247715249802601,14.415236936009466
1.0,22.99,1.0,8.234048506195034,4.196994996088266,12.319772154905484
-1.0,35.453,1.0,10.248132204616072,6.226733987587696,14.404648661005103
1.0,22.99,1.0,12.420726558451834,4.0296356844556485,12.394829998808156
-1.0,35.453,1.0,14.529133495299021,6.282685131548252,14.520899152092642
1.0,22.99,1.0,16.573911444355403,8.319583487925886,12.353416353717446
-1.0,35.453,1.0,18.586966577953113,10.227043931539907,14.389624660983875
1.0,22.99,1.0,20.620237385728696,8.223828433786613,12.418871074670156
-1.0,35.453,1.0,22.61553944012635,10.384387393049614,14.533823707518492
1.0,22.99,1.0,24.865979103842733,8.276343798394139,12.385455143765075
-1.0,35.453,1.0,26.86639500373724,10.223525062002777,14.518239175794445
1.0,22.99,1.0,28.862335626414005,8.252134024258355,12.413170704276704
-1.0,35.453,1.0,30.994290101311577,10.29049875106503,14.426231341160024
1.0,22.99,1.0,32.95715366933736,8.268473646995943,12.304166029505097
-1.0,35.453,1.0,2.040791118711393,10.32503191784673,14.437041239147781
1.0,22.99,1.0,4.136041171932439,8.170714919970532,12.383680400178735
-1.0,35.453,1.0,6.109776272350308,10.234268034570057,14.38946374828484
1.0,22.99,1.0,8.268588275270854,8.295616643892641,12.338604195889534
-1.0,35.453,1.0,10.278241367138872,10.246463117039262,14.478297605489988
1.0,22.99,1.0,12.476005399377032,8.335431438761864,12.332313912066985
-1.0,35.453,1.0,14.351501135655718,10.309065321732396,14.440834554749372
1.0,22.99,1.0,16.541816995138344,12.35649903791484,12.306028816353768
-1.0,35.453,1.0,18.557468142202822,14.468944285490492,14.538096494226943
1.0,22.99,1.0,20.642830205773652,12.32023353277781,12.473613903213085
-1.0,35.453,1.0,22.621858168548332,14.531926712240734,14.413123636179051
1.0,22.99,1.0,24.783567825410472,12.308050594087554,12.295981369802345
-1.0,35.453,1.0,26.863945697078524,14.538299122507297,14.46946194412361
1.0,22.99,1.0,28.871583642384287,12.310180541313516,12.312106937726462
-1.0,35.453,1.0,30.917184235906582,14.522785946652546,14.40064309170192
1.0,22.99,1.0,0.046486132786103695,12.43726077766094,12.353428779729802
-1.0,35.453,1.0,2.1314084427325675,14.41369801850888,14.485954126425003
1.0,22.99,1.0,4.193223539182087,12.449878319028976,12.463588887228905
-1.0,35.453,1.0,6.284200141385581,14.3988827657845,14.47677735334567
1.0,22.99,1.0,8.34833146969647,12.348689607157546,12.314910687418063
-1.0,35.453,1.0,10.328431958861696,14.440138189437732,14.352438778701917
1.0,22.99,1.0,12.480143408261371,12.414598337089174,12.466823743282905
-1.0,35.453,1.0,14.385127390829,14.504474153061542,14.372977734593858
