iter,x,MaZe
0,0.0,-10.36345679297161
0,0.20899999999999996,-7.146267821663794
0,0.4179999999999999,-4.600566772170908
0,0.6269999999999999,-2.694112822327824
0,0.8359999999999999,-1.3147945675651538
0,1.045,-0.3490203812014614
0,1.2539999999999998,0.30362624917137393
0,1.4629999999999999,0.7296852953341858
0,1.6719999999999997,1.0024958425959005
0,1.8809999999999998,1.1829969653321335
0,2.09,1.3211828573066429
0,2.2989999999999995,1.4583087965088846
0,2.5079999999999996,1.629572179386644
0,2.7169999999999996,1.8669693512540635
0,2.9259999999999997,2.2021756054150594
0,3.1349999999999993,2.669448376195118
0,3.3439999999999994,3.3086075425559702
0,3.553,4.167920662107233
0,3.7619999999999996,5.3057092130291945
0,3.970999999999999,6.78630218656835
0,4.18,8.657334314365379
0,4.388999999999999,10.876027016233818
0,4.597999999999999,13.12559990204331
0,4.8069999999999995,14.510109354902497
0,5.015999999999999,13.62189209448923
0,5.225,10.916640956871197
0,5.433999999999999,7.5872564393814494
0,5.642999999999999,4.2201507174757475
0,5.851999999999999,0.9332512443437952
0,6.060999999999999,-2.3380545806565043
0,6.269999999999999,-5.63846636843519
0,6.478999999999999,-8.77898381983711
0,6.687999999999999,-11.023401877735584
0,6.896999999999999,-11.026577267202832
0,7.106,-9.117404915261451
0,7.314999999999999,-6.555508612495988
0,7.523999999999999,-3.9583178316251733
0,7.732999999999999,-1.4493602944963744
0,7.941999999999998,1.093182309726521
0,8.150999999999998,3.9464161644547566
0,8.36,7.602716890489565
0,8.568999999999997,13.057604927055166
0,8.777999999999999,22.765006321415733
0,8.986999999999998,44.187965578144315
0,9.195999999999998,105.12546617755478
0,9.405,57.757856807570164
0,9.613999999999999,27.88654536633054
0,9.822999999999999,15.731573986854043
0,10.031999999999998,9.634423721521182
0,10.240999999999998,6.12185830239027
0,10.45,3.933399831357872
0,10.658999999999999,2.521356183009505
0,10.867999999999999,1.6104937067155267
0,11.076999999999998,1.0479040077275055
0,11.285999999999998,0.7442126395738173
0,11.495,0.6471529779772547
0,11.703999999999999,0.7277439212673599
0,11.912999999999998,0.9717324496486144
0,12.121999999999998,1.373274944754142
0,12.330999999999998,1.9293520688784214
0,12.539999999999997,2.63377239071818
0,12.748999999999999,3.4694084194328156
0,12.957999999999998,4.397164257786667
0,13.166999999999998,5.341591110824048
0,13.375999999999998,6.178882514768515
0,13.584999999999997,6.745536105358732
0,13.793999999999999,6.896222353331516
0,14.002999999999998,6.604879848485196
0,14.212,5.989193883729379
0,14.420999999999998,5.20874520717626
0,14.629999999999997,4.392266440666117
0,14.838999999999999,3.620806664909125
0,15.047999999999998,2.938175732253314
0,15.256999999999998,2.3661672170976553
0,15.465999999999998,1.9160564942065261
0,15.674999999999997,1.5952019919889524
0,15.883999999999997,1.4098178074972858
0,16.092999999999996,1.3651891354839643
0,16.301999999999996,1.4643470573358843
0,16.511,1.7059711027315756
0,16.72,2.0819878312775577
0,16.929,2.5748098992833945
0,17.137999999999995,3.153540385527397
0,17.346999999999998,3.768418078037379
0,17.555999999999997,4.344170071956551
0,17.764999999999997,4.776740212742966
0,17.973999999999997,4.943849141187782
0,18.182999999999996,4.741374505593361
0,18.391999999999996,4.135663176590024
0,18.601,3.1729234651608103
0,18.81,1.9230931779010974
0,19.019,0.4296296921378396
0,19.227999999999998,-1.3133455898247828
0,19.436999999999994,-3.365390111583206
0,19.645999999999997,-5.829894786145935
0,19.854999999999997,-8.807815610824498
0,20.063999999999997,-12.234441495626536
0,20.272999999999996,-15.437815735420333
0,20.481999999999996,-16.511726481532985
0,20.691,-13.929181814257813
1,0.0,-10.370932573301896
1,0.20899999999999996,-7.1517204034026545
1,0.4179999999999999,-4.606409851976023
1,0.6269999999999999,-2.7017277096702745
1,0.8359999999999999,-1.3247336358434223
1,1.045,-0.3612371192864183
1,1.2539999999999998,0.2895342678629559
1,1.4629999999999999,0.714248006748433
1,1.6719999999999997,0.9862031433086402
1,1.8809999999999998,1.1662073575796226
1,2.09,1.3040922622832247
1,2.2989999999999995,1.4409525354303645
1,2.5079999999999996,1.6118366211871806
1,2.7169999999999996,1.8485972808491538
1,2.9259999999999997,2.182754514269361
1,3.1349999999999993,2.6483717146612875
1,3.3439999999999994,3.2849955015644148
1,3.553,4.140479124207938
1,3.7619999999999996,5.272498856072044
1,3.970999999999999,6.744407639024911
1,4.18,8.602564322473023
1,4.388999999999999,10.803358151353843
1,4.597999999999999,13.032808509552435
1,4.8069999999999995,14.40964813477542
1,5.015999999999999,13.555904329785177
1,5.225,10.887099425936938
1,5.433999999999999,7.581555783584625
1,5.642999999999999,4.228873167552263
1,5.851999999999999,0.9523042024107133
1,6.060999999999999,-2.3093963592564926
1,6.269999999999999,-5.600093336367834
1,6.478999999999999,-8.733834832008345
1,6.687999999999999,-10.984000497006258
1,6.896999999999999,-11.016561575309343
1,7.106,-9.125465834841771
1,7.314999999999999,-6.5708312109714075
1,7.523999999999999,-3.9749816331978924
1,7.732999999999999,-1.46454518397968
1,7.941999999999998,1.0808844332628145
1,8.150999999999998,3.9379723915690352
1,8.36,7.599086044560641
1,8.568999999999997,13.059213589174822
1,8.777999999999999,22.766220377663032
1,8.986999999999998,44.14055107077099
1,9.195999999999998,104.70470662374656
1,9.405,57.10160181799972
1,9.613999999999999,27.68712721815399
1,9.822999999999999,15.650005918144126
1,10.031999999999998,9.591815549593502
1,10.240999999999998,6.095830928984787
1,10.45,3.9160455574160564
1,10.658999999999999,2.509211814222474
1,10.867999999999999,1.6017362887883548
1,11.076999999999998,1.0414326152753366
1,11.285999999999998,0.7392987360044966
1,11.495,0.643285635145631
1,11.703999999999999,0.724550591755103
1,11.912999999999998,0.9689335505698766
1,12.121999999999998,1.3706556801639056
1,12.330999999999998,1.9267436794458623
1,12.539999999999997,2.631038025462258
1,12.748999999999999,3.4664316674777367
1,12.957999999999998,4.3938429010774875
1,13.166999999999998,5.337848230589986
1,13.375999999999998,6.174717488315611
1,13.584999999999997,6.741121923905334
1,13.793999999999999,6.891941688414248
1,14.002999999999998,6.60105032739424
1,14.212,5.985808588428831
1,14.420999999999998,5.205608202865142
1,14.629999999999997,4.3891526330653505
1,14.838999999999999,3.6175234016151707
1,15.047999999999998,2.9345622686556934
1,15.256999999999998,2.3620754986696286
1,15.465999999999998,1.911332629945163
1,15.674999999999997,1.589673145434611
1,15.883999999999997,1.4032835145662266
1,16.092999999999996,1.3574153320169235
1,16.301999999999996,1.4550615823073438
1,16.511,1.6948613895108144
1,16.72,2.0687062645192227
1,16.929,2.559000903442205
1,17.137999999999995,3.1349161638137817
1,17.346999999999998,3.7469184169365546
1,17.555999999999997,4.320226600853843
1,17.764999999999997,4.751581667077851
1,17.973999999999997,4.919589627432425
1,18.182999999999996,4.7204492138958765
1,18.391999999999996,4.119619122361449
1,18.601,3.161969491728487
1,18.81,1.9164628300742907
1,19.019,0.4260977322815629
1,19.227999999999998,-1.3151554144300288
1,19.436999999999994,-3.3669526127286686
1,19.645999999999997,-5.832919364755181
1,19.854999999999997,-8.814433044668585
1,20.063999999999997,-12.24698843870742
1,20.272999999999996,-15.45686147436873
1,20.481999999999996,-16.531122860079943
1,20.691,-13.941882345954303
2,0.0,-10.378691718723996
2,0.20899999999999996,-7.157347091601313
2,0.4179999999999999,-4.6123529977805635
2,0.6269999999999999,-2.7093905331533152
2,0.8359999999999999,-1.3346823380803088
2,1.045,-0.373435672740264
2,1.2539999999999998,0.2754792209917294
2,1.4629999999999999,0.6988588221974166
2,1.6719999999999997,0.9699640145394659
2,1.8809999999999998,1.1494730102501733
2,2.09,1.2870565186235798
2,2.2989999999999995,1.4236498824826562
2,2.5079999999999996,1.5941535303870253
2,2.7169999999999996,1.8302773551659466
2,2.9259999999999997,2.163386581861325
2,3.1349999999999993,2.62735116319093
2,3.3439999999999994,3.261445051986832
2,3.553,4.113108114762182
2,3.7619999999999996,5.239372705077647
2,3.970999999999999,6.7026174520317054
2,4.18,8.547926130097352
2,4.388999999999999,10.730846301543991
2,4.597999999999999,12.940136970368764
2,4.8069999999999995,14.308981399838627
2,5.015999999999999,13.488718844245254
2,5.225,10.85628293312281
2,5.433999999999999,7.5748736269862045
2,5.642999999999999,4.236923035879154
2,5.851999999999999,0.9709227014150407
2,6.060999999999999,-2.2809942898648385
2,6.269999999999999,-5.561823732094952
2,6.478999999999999,-8.68862139759906
2,6.687999999999999,-10.944324683471747
2,6.896999999999999,-11.006104534962951
2,7.106,-9.133148673362586
2,7.314999999999999,-6.585904064479476
2,7.523999999999999,-3.9915046625743096
2,7.732999999999999,-1.4796644941234265
2,7.941999999999998,1.068601330867868
2,8.150999999999998,3.9295012910665634
2,8.36,7.5953673887662685
2,8.568999999999997,13.060575861259151
2,8.777999999999999,22.76660253343838
2,8.986999999999998,44.08971209223043
2,9.195999999999998,104.26758195534596
2,9.405,56.44838429184684
2,9.613999999999999,27.487948162754545
2,9.822999999999999,15.568336938848363
2,10.031999999999998,9.54909575236039
2,10.240999999999998,6.0697122172789255
2,10.45,3.898614891946776
2,10.658999999999999,2.497000133644595
2,10.867999999999999,1.5929173985401457
2,11.076999999999998,1.0349041958932343
2,11.285999999999998,0.7343317720380425
2,11.495,0.6393690087109433
2,11.703999999999999,0.7213115992640419
2,11.912999999999998,0.9660923761762157
2,12.121999999999998,1.3679970294508312
2,12.330999999999998,1.924098044591118
2,12.539999999999997,2.6282674722678796
2,12.748999999999999,3.4634181417525585
2,12.957999999999998,4.390481836669564
2,13.166999999999998,5.334059618432578
2,13.375999999999998,6.170498032624844
2,13.584999999999997,6.736644983045622
2,13.793999999999999,6.8875962470524215
2,14.002999999999998,6.597163412834957
2,14.212,5.9823773812329675
2,14.420999999999998,5.202436238231873
2,14.629999999999997,4.386012392655202
2,14.838999999999999,3.6142197547645316
2,15.047999999999998,2.930932435447844
2,15.256999999999998,2.3579698213909692
2,15.465999999999998,1.906595996737014
2,15.674999999999997,1.5841316767572269
2,15.883999999999997,1.3967358790333797
2,16.092999999999996,1.3496266755915036
2,16.301999999999996,1.4457590491550616
2,16.511,1.6837318133319668
2,16.72,2.0554013293610964
2,16.929,2.5431642125336014
2,17.137999999999995,3.1162584862694556
2,17.346999999999998,3.725376630436728
2,17.555999999999997,4.296226416455
2,17.764999999999997,4.726341992068459
2,17.973999999999997,4.895213302796449
2,18.182999999999996,4.699369253982751
2,18.391999999999996,4.103400944496206
2,18.601,3.150844751405361
2,18.81,1.9096792234886701
2,19.019,0.4224333513836293
2,19.227999999999998,-1.3170821002736794
2,19.436999999999994,-3.3686288987710786
2,19.645999999999997,-5.836076103742737
2,19.854999999999997,-8.821236742890012
2,20.063999999999997,-12.259830188272728
2,20.272999999999996,-15.476362011598438
2,20.481999999999996,-16.55107777149019
2,20.691,-13.955015088737644
3,0.0,-10.386737210938314
3,0.20899999999999996,-7.163151295625028
3,0.4179999999999999,-4.618400017840454
3,0.6269999999999999,-2.7171055136029416
3,0.8359999999999999,-1.3446452318832554
3,1.045,-0.3856209836043257
3,1.2539999999999998,0.2614558262810722
3,1.4629999999999999,0.6835121258892047
3,1.6719999999999997,0.9537724888767629
3,1.8809999999999998,1.1327875726406402
3,2.09,1.2700688560626294
3,2.2989999999999995,1.4063936283527685
3,2.5079999999999996,1.576515234006711
3,2.7169999999999996,1.8120013829751132
3,2.9259999999999997,2.1440630994944443
3,3.1349999999999993,2.606377405528261
3,3.3439999999999994,3.237946288353256
3,3.553,4.085797220147292
3,3.7619999999999996,5.206320099373035
3,3.970999999999999,6.660921358410485
3,4.18,8.493411042305588
3,4.388999999999999,10.65848665626038
3,4.597999999999999,12.847588073807998
3,4.8069999999999995,14.208122826972119
3,5.015999999999999,13.420354286004343
3,5.225,10.824196961902487
3,5.433999999999999,7.5672032638235756
3,5.642999999999999,4.244285741746402
3,5.851999999999999,0.9890868391131307
3,6.060999999999999,-2.252872568413391
3,6.269999999999999,-5.523685699725919
3,6.478999999999999,-8.643374685316864
3,6.687999999999999,-10.904404363644488
3,6.896999999999999,-10.995225540684643
3,7.106,-9.140470446263349
3,7.314999999999999,-6.600745273731623
3,7.523999999999999,-4.007906682392464
3,7.732999999999999,-1.4947394122973263
3,7.941999999999998,1.0563106775572217
3,8.150999999999998,3.9209794345731015
3,8.36,7.591536217758052
3,8.568999999999997,13.06166461984154
3,8.777999999999999,22.7661211299233
3,8.986999999999998,44.03541522870848
3,9.195999999999998,103.81415117954757
3,9.405,55.7984849176409
3,9.613999999999999,27.28905491713231
3,9.822999999999999,15.486567794898527
3,10.031999999999998,9.506254516152282
3,10.240999999999998,6.043489558667637
3,10.45,3.8810945932367016
3,10.658999999999999,2.4847079414663815
3,10.867999999999999,1.5840242140678717
3,11.076999999999998,1.028306464099508
3,11.285999999999998,0.7293000012081067
3,11.495,0.6353919658782006
3,11.703999999999999,0.7180164960915649
3,11.912999999999998,0.9631990425008176
3,12.121999999999998,1.365289736315649
3,12.330999999999998,1.9214065373195839
3,12.539999999999997,2.6254527233532343
3,12.748999999999999,3.4603604286965868
3,12.957999999999998,4.387074133566729
3,13.166999999999998,5.330218834725509
3,13.375999999999998,6.1662181034104195
3,13.584999999999997,6.732099548038151
3,13.793999999999999,6.8831805810216595
3,14.002999999999998,6.593213866432805
3,14.212,5.978895287496008
3,14.420999999999998,5.199224584688612
3,14.629999999999997,4.382841307246229
3,14.838999999999999,3.6108916360188164
3,15.047999999999998,2.927282451575204
3,15.256999999999998,2.3538467348332253
3,15.465999999999998,1.9018434194644636
3,15.674999999999997,1.5785747461052186
3,15.883999999999997,1.3901724187027866
3,16.092999999999996,1.3418211593553118
3,16.301999999999996,1.4364379885124678
3,16.511,1.6725813748279141
3,16.72,2.0420725939609268
3,16.929,2.5272999997892884
3,17.137999999999995,3.0975681731484026
3,17.346999999999998,3.703794109056601
3,17.555999999999997,4.2721714589216155
3,17.764999999999997,4.7010233493977465
3,17.973999999999997,4.870722211193869
3,18.182999999999996,4.678136142010513
3,18.391999999999996,4.087009494142529
3,18.601,3.1395493964143597
3,18.81,1.9027420450040737
3,19.019,0.41863588278912545
3,19.227999999999998,-1.3191265911388173
3,19.436999999999994,-3.370420201202196
3,19.645999999999997,-5.839366516095873
3,19.854999999999997,-8.82822866036944
3,20.063999999999997,-12.272969138183635
3,20.272999999999996,-15.496320177904767
3,20.481999999999996,-16.571593946059927
3,20.691,-13.968582756807745
4,0.0,-10.395063713606286
4,0.20899999999999996,-7.169127359879285
4,0.4179999999999999,-4.6245450544676325
4,0.6269999999999999,-2.724866548470425
4,0.8359999999999999,-1.3546159580677286
4,1.045,-0.3977863085246916
4,1.2539999999999998,0.2474711835386458
4,1.4629999999999999,0.6682153985784551
4,1.6719999999999997,0.937636446837548
4,1.8809999999999998,1.1161593509535321
4,2.09,1.2531379901630064
4,2.2989999999999995,1.3891929321177625
4,2.5079999999999996,1.5589313970382623
4,2.7169999999999996,1.7937795668298988
4,2.9259999999999997,2.1247948540350152
4,3.1349999999999993,2.58546193326637
4,3.3439999999999994,3.214511587719267
4,3.553,4.0585598891449495
4,3.7619999999999996,5.1733559525241715
4,3.970999999999999,6.619336312714303
4,4.18,8.439039322863598
4,4.388999999999999,10.586305181467635
4,4.597999999999999,12.755197275078443
4,4.8069999999999995,14.1071208333913
4,5.015999999999999,13.350866994753064
4,5.225,10.790886617067018
4,5.433999999999999,7.558579503848607
4,5.642999999999999,4.250989981487324
4,5.851999999999999,1.0068217784079434
4,6.060999999999999,-2.2250085927637757
4,6.269999999999999,-5.485658907094441
4,6.478999999999999,-8.598075789836397
4,6.687999999999999,-10.864218175697228
4,6.896999999999999,-10.983891740338834
4,7.106,-9.147394945663939
4,7.314999999999999,-6.615319228023388
4,7.523999999999999,-4.024153563396978
4,7.732999999999999,-1.5097373670229555
4,7.941999999999998,1.0440435298559274
4,8.150999999999998,3.912436229051112
4,8.36,7.587619635686194
4,8.568999999999997,13.062503421444202
4,8.777999999999999,22.764793695421538
4,8.986999999999998,43.977674740532464
4,9.195999999999998,103.34451922347694
4,9.405,55.15222121209059
4,9.613999999999999,27.090535954382315
4,9.822999999999999,15.404739718611983
4,10.031999999999998,9.463320434668109
4,10.240999999999998,6.017186693376694
4,10.45,3.863505690872624
4,10.658999999999999,2.4723543588232353
4,10.867999999999999,1.5750743264348186
4,11.076999999999998,1.0216556173103182
4,11.285999999999998,0.7242184946051535
4,11.495,0.6313685319176074
4,11.703999999999999,0.7146782768663952
4,11.912999999999998,0.960265689438073
4,12.121999999999998,1.3625450988493435
4,12.330999999999998,1.9186797232304262
4,12.539999999999997,2.6226036647878948
4,12.748999999999999,3.4572678189593766
4,12.957999999999998,4.383628583813805
4,13.166999999999998,5.3263342007942125
4,13.375999999999998,6.161885534917717
4,13.584999999999997,6.7274929402641295
4,13.793999999999999,6.878701362414532
4,14.002999999999998,6.589207679569528
4,14.212,5.975367687998532
4,14.420999999999998,5.195978077261066
4,14.629999999999997,4.379643769968815
4,14.838999999999999,3.6075430755588274
4,15.047999999999998,2.9236160917233005
4,15.256999999999998,2.349709822802267
4,15.465999999999998,1.8970784077203302
4,15.674999999999997,1.5730057766630499
4,15.883999999999997,1.3835965038652551
4,16.092999999999996,1.334002067705403
4,16.301999999999996,1.4271016192260806
4,16.511,1.6614134097631639
4,16.72,2.0287235698864405
4,16.929,2.5114120417679606
4,17.137999999999995,3.0788493363630436
4,17.346999999999998,3.682175383271922
4,17.555999999999997,4.248066524771197
4,17.764999999999997,4.675630618211767
4,17.973999999999997,4.846120897493527
4,18.182999999999996,4.656753758480918
4,18.391999999999996,4.0704478268626865
4,18.601,3.128085914406482
4,18.81,1.895653434188972
4,19.019,0.4147073967438533
4,19.227999999999998,-1.3212867329743836
4,19.436999999999994,-3.3723241488177487
4,19.645999999999997,-5.842787998251806
4,19.854999999999997,-8.83540585242249
4,20.063999999999997,-12.286402075617556
4,20.272999999999996,-15.51673240212727
4,20.481999999999996,-16.592667159969203
4,20.691,-13.982580426691412
5,0.0,-10.40367171515997
5,0.20899999999999996,-7.175275773111959
5,0.4179999999999999,-4.6307885396303705
5,0.6269999999999999,-2.732674025960525
5,0.8359999999999999,-1.3645948260173346
5,1.045,-0.4099319608730526
5,1.2539999999999998,0.233525013533942
5,1.4629999999999999,0.6529684051422993
5,1.6719999999999997,0.9215556771912619
5,1.8809999999999998,1.0995881645064935
5,2.09,1.2362638777822412
5,2.2989999999999995,1.3720479104580607
5,2.5079999999999996,1.5414022655631618
5,2.7169999999999996,1.7756123366142236
5,2.9259999999999997,2.1055824778667773
5,3.1349999999999993,2.5646056016603866
5,3.3439999999999994,3.1911420177064156
5,3.553,4.031397526429138
5,3.7619999999999996,5.140482173330183
5,3.970999999999999,6.577865341527611
5,4.18,8.38481627879362
5,4.388999999999999,10.514311699828019
5,4.597999999999999,12.662982708762355
5,4.8069999999999995,14.006005498316597
5,5.015999999999999,13.280294769974207
5,5.225,10.756377405618581
5,5.433999999999999,7.549016118201173
5,5.642999999999999,4.257042105120079
5,5.851999999999999,1.0241291387016955
5,6.060999999999999,-2.1974044156214094
5,6.269999999999999,-5.447748821699113
5,6.478999999999999,-8.552732613725057
5,6.687999999999999,-10.823772329734286
5,6.896999999999999,-10.972098474605936
5,7.106,-9.1539148297525
5,7.314999999999999,-6.629619421821866
5,7.523999999999999,-4.040240417541663
5,7.732999999999999,-1.5246549560696272
5,7.941999999999998,1.0318018927131472
5,8.150999999999998,3.903872256063157
5,8.36,7.583616421125689
5,8.568999999999997,13.06308801051197
5,8.777999999999999,22.762610722764247
5,8.986999999999998,43.916478729694305
5,9.195999999999998,102.85876575524469
5,9.405,54.50987911121785
5,9.613999999999999,26.892456063638324
5,9.822999999999999,15.322872030242907
5,10.031999999999998,9.420301310803877
5,10.240999999999998,5.990807551358899
5,10.45,3.845850351684323
5,10.658999999999999,2.459940578306251
5,10.867999999999999,1.566068228661667
5,11.076999999999998,1.0149517642242136
5,11.285999999999998,0.7190869878109888
5,11.495,0.6272981519362593
5,11.703999999999999,0.7112961907660585
5,11.912999999999998,0.9572914501483849
5,12.121999999999998,1.3597621925729682
5,12.330999999999998,1.9159165928325508
5,12.539999999999997,2.61971924961302
5,12.748999999999999,3.4541392663834545
5,12.957999999999998,4.380144166085193
5,13.166999999999998,5.322404658193674
5,13.375999999999998,6.157499277273866
5,13.584999999999997,6.722824008518433
5,13.793999999999999,6.874157324443188
5,14.002999999999998,6.585143477134428
5,14.212,5.971793090002228
5,14.420999999999998,5.192695133316581
5,14.629999999999997,4.376418078884439
5,14.838999999999999,3.604172238017032
5,15.047999999999998,2.91993139228121
5,15.256999999999998,2.345557001736236
5,15.465999999999998,1.8922987184654685
5,15.674999999999997,1.5674224391385543
5,15.883999999999997,1.377005736129642
5,16.092999999999996,1.3261669691386904
5,16.301999999999996,1.4177475795648553
5,16.511,1.6502256427866226
5,16.72,2.0153522093135465
5,16.929,2.4954985824978824
5,17.137999999999995,3.0601005937241195
5,17.346999999999998,3.6605194334817717
5,17.555999999999997,4.223910930401763
5,17.764999999999997,4.6501632486060975
5,17.973999999999997,4.821408656132079
5,18.182999999999996,4.635220883906932
5,18.391999999999996,4.053714211259784
5,18.601,3.116452083569913
5,18.81,1.888410863559501
5,19.019,0.4106452709060457
5,19.227999999999998,-1.3235651357807747
5,19.436999999999994,-3.374343222414242
5,19.645999999999997,-5.846342804475096
5,19.854999999999997,-8.84277039327275
5,20.063999999999997,-12.30013090820513
5,20.272999999999996,-15.537600427221415
5,20.481999999999996,-16.61429855056595
5,20.691,-13.997008763729275
6,0.0,-10.412555424908868
6,0.20899999999999996,-7.181590572378836
6,0.4179999999999999,-4.637124353144694
6,0.6269999999999999,-2.7405215927730393
6,0.8359999999999999,-1.3745752382981657
6,1.045,-0.4220510168005035
6,1.2539999999999998,0.2196246176759281
6,1.4629999999999999,0.637778806988183
6,1.6719999999999997,0.9055382080551082
6,1.8809999999999998,1.0830823403377245
6,2.09,1.2194549598236237
6,2.2989999999999995,1.3549670129095295
6,2.5079999999999996,1.5239362744767508
6,2.7169999999999996,1.7575080399548781
6,2.9259999999999997,2.086434229005717
6,3.1349999999999993,2.543816627861771
6,3.3439999999999994,3.167845844601175
6,3.553,4.00431856548622
6,3.7619999999999996,5.107707688103719
6,3.970999999999999,6.536518344679186
6,4.18,8.330753920848931
6,4.388999999999999,10.442522596140083
6,4.597999999999999,12.570968846958015
6,4.8069999999999995,13.904813382729227
6,5.015999999999999,13.208682792169027
6,5.225,10.720702503845295
6,5.433999999999999,7.5385346645796165
6,5.642999999999999,4.26245642761874
6,5.851999999999999,1.0410186606075464
6,6.060999999999999,-2.1700537035106344
6,6.269999999999999,-5.409952052198901
6,6.478999999999999,-8.507343812740917
6,6.687999999999999,-10.783063464190679
6,6.896999999999999,-10.959831114369546
6,7.106,-9.160012276151202
6,7.314999999999999,-6.643628559075643
6,7.523999999999999,-4.056151233354293
6,7.732999999999999,-1.5394773637805401
6,7.941999999999998,1.0195996264948421
6,8.150999999999998,3.8953003542198035
6,8.36,7.579537993523159
6,8.568999999999997,13.063427283302456
6,8.777999999999999,22.759576297845438
6,8.986999999999998,43.851829472623685
6,9.195999999999998,102.35698520217416
6,9.405,53.87175254031095
6,9.613999999999999,26.694895490535693
6,9.822999999999999,15.241000890287964
6,10.031999999999998,9.37722244196213
6,10.240999999999998,5.9643742692620405
6,10.45,3.8281497307256367
6,10.658999999999999,2.4474875062090584
6,10.867999999999999,1.557026966554739
6,11.076999999999998,1.0082161095759516
6,11.285999999999998,0.7139269404406303
6,11.495,0.623202579975035
6,11.703999999999999,0.7078922224172629
6,11.912999999999998,0.9542984105895773
6,12.121999999999998,1.3569631536381788
6,12.330999999999998,1.9131393048695824
6,12.539999999999997,2.6168215687224783
6,12.748999999999999,3.4509967031778483
6,12.957999999999998,4.376642595156074
6,13.166999999999998,5.3184517017023705
6,13.375999999999998,6.153080412813905
6,13.584999999999997,6.718113385857706
6,13.793999999999999,6.8695684885590325
6,14.002999999999998,6.581040593905366
6,14.212,5.96819005147998
6,14.420999999999998,5.189393607916964
6,14.629999999999997,4.373181456945806
6,14.838999999999999,3.6007958169557104
6,15.047999999999998,2.916244507900396
6,15.256999999999998,2.3414039171034258
6,15.465999999999998,1.8875195842309072
6,15.674999999999997,1.5618395760769366
6,15.883999999999997,1.370414655851597
6,16.092999999999996,1.3183302338567608
6,16.301999999999996,1.408390059013447
6,16.511,1.6390321348849726
6,16.72,2.001972364865822
6,16.929,2.479573332359723
6,17.137999999999995,3.0413355056762073
6,17.346999999999998,3.6388397160171104
6,17.555999999999997,4.199717856945901
6,17.764999999999997,4.624633907163224
6,17.973999999999997,4.7965972585561785
6,18.182999999999996,4.613548091383441
6,18.391999999999996,4.036817790271894
6,18.601,3.104655794691577
6,18.81,1.8810212647989548
6,19.019,0.4064556855948012
6,19.227999999999998,-1.325956130491876
6,19.436999999999994,-3.376472130534166
6,19.645999999999997,-5.850025979014913
6,19.854999999999997,-8.850317543064628
6,20.063999999999997,-12.314151036987154
6,20.272999999999996,-15.558919626901439
6,20.481999999999996,-16.63648302875587
6,20.691,-14.011862206463807
7,0.0,-10.421699344538899
7,0.20899999999999996,-7.1880405781699
7,0.4179999999999999,-4.6435075785467586
7,0.6269999999999999,-2.748355728729504
7,0.8359999999999999,-1.3845021431318625
7,1.045,-0.4340933796466775
7,1.2539999999999998,0.20581126451860654
7,1.4629999999999999,0.6226783553042394
7,1.6719999999999997,0.8896078180957967
7,1.8809999999999998,1.0666604307150327
7,2.09,1.2027275249402005
7,2.2989999999999995,1.3379668361840251
7,2.5079999999999996,1.506552242538673
7,2.7169999999999996,1.7394890924813307
7,2.9259999999999997,2.0673769385212926
7,3.1349999999999993,2.52312673337176
7,3.3439999999999994,3.1446599472147523
7,3.553,3.977365259941642
7,3.7619999999999996,5.075080245296846
7,3.970999999999999,6.495348980136935
7,4.18,8.276912686033286
7,4.388999999999999,10.371006990480359
7,4.597999999999999,12.479236921775215
7,4.8069999999999995,13.803641502101007
7,5.015999999999999,13.136140943464095
7,5.225,10.683962692263993
7,5.433999999999999,7.527226629549284
7,5.642999999999999,4.267318943575165
7,5.851999999999999,1.0575733207500848
7,6.060999999999999,-2.1428757812275285
7,6.269999999999999,-5.372190242328796
7,6.478999999999999,-8.461832803793573
7,6.687999999999999,-10.742013008128065
7,6.896999999999999,-10.947000165481555
7,7.106,-9.165595231762666
7,7.314999999999999,-6.657255903647812
7,7.523999999999999,-4.0717975522350445
7,7.732999999999999,-1.5541186012305046
7,7.941999999999998,1.0075201120805208
7,8.150999999999998,3.886801158897991
7,8.36,7.575461688884356
7,8.568999999999997,13.063594039557055
7,8.777999999999999,22.75575647851881
7,8.986999999999998,43.78378920546361
7,9.195999999999998,101.83932995872664
7,9.405,53.238184015558076
7,9.613999999999999,26.497988327354314
7,9.822999999999999,15.159215549594949
7,10.031999999999998,9.334161089994895
7,10.240999999999998,5.93795998676309
7,10.45,3.8104753899653527
7,10.658999999999999,2.435066315619764
7,10.867999999999999,1.5480220743322954
7,11.076999999999998,1.0015212756900662
7,11.285999999999998,0.708812617886291
7,11.495,0.6191582198152608
7,11.703999999999999,0.7045454851929608
7,11.912999999999998,0.9513688876214683
7,12.121999999999998,1.3542338915627836
7,12.330999999999998,1.9104376714058198
7,12.539999999999997,2.614004527157468
7,12.748999999999999,3.447938096685531
7,12.957999999999998,4.373225600873697
7,13.166999999999998,5.3145802997273295
7,13.375999999999998,6.148736437110673
7,13.584999999999997,6.713469957235471
7,13.793999999999999,6.865043886581541
7,14.002999999999998,6.577006866305506
7,14.212,5.964664045866786
7,14.420999999999998,5.186175267278741
7,14.629999999999997,4.37003084938157
7,14.838999999999999,3.5975049567907185
7,15.047999999999998,2.9126401361645224
7,15.256999999999998,2.337328273415109
7,15.465999999999998,1.882811307359181
7,15.674999999999997,1.5563199572379736
7,15.883999999999997,1.363878496269141
7,16.092999999999996,1.3105395533881419
7,16.301999999999996,1.399069469504878
7,16.511,1.6278663216243532
7,16.72,1.9886109781631476
7,16.929,2.463657072544538
7,17.137999999999995,3.0225690808745878
7,17.346999999999998,3.6171456856551205
7,17.555999999999997,4.17549151817059
7,17.764999999999997,4.599041663912585
7,17.973999999999997,4.771680629161895
7,18.182999999999996,4.591724149922644
7,18.391999999999996,4.019742390332172
7,18.601,3.0926763648174385
7,18.81,1.873460028640677
7,19.019,0.40211078621681706
7,19.227999999999998,-1.3284899729541848
7,19.436999999999994,-3.3787426315122917
7,19.645999999999997,-5.853869485654124
7,19.854999999999997,-8.858077968104249
7,20.063999999999997,-12.328489763772465
7,20.272999999999996,-15.58071132245748
7,20.481999999999996,-16.659232516762934
7,20.691,-14.027140155520295
8,0.0,-10.431120419044687
8,0.20899999999999996,-7.194646974996015
8,0.4179999999999999,-4.649963660979478
8,0.6269999999999999,-2.7562053971060636
8,0.8359999999999999,-1.3944066731475455
8,1.045,-0.4460909706229404
8,1.2539999999999998,0.1920532612357741
8,1.4629999999999999,0.6076358484893045
8,1.6719999999999997,0.8737336273445461
8,1.8809999999999998,1.0502912768292554
8,2.09,1.1860494850630743
8,2.2989999999999995,1.3210136821091638
8,2.5079999999999996,1.4892144192429682
8,2.7169999999999996,1.721517304721356
8,2.9259999999999997,2.048369893575861
8,3.1349999999999993,2.5024925718687765
8,3.3439999999999994,3.1215382970945034
8,3.553,3.950488769913781
8,3.7619999999999996,5.042548419591412
8,3.970999999999999,6.4543037269657155
8,4.18,8.223237983671416
8,4.388999999999999,10.29971128233145
8,4.597999999999999,12.387737875772864
8,4.8069999999999995,13.702449749757275
8,5.015999999999999,13.062636096029166
8,5.225,10.646109614568287
8,5.433999999999999,7.51502831451546
8,5.642999999999999,4.2715551773956
8,5.851999999999999,1.073710785460487
8,6.060999999999999,-2.11595953226128
8,6.269999999999999,-5.334558210324712
8,6.478999999999999,-8.416299148727592
8,6.687999999999999,-10.70072103361045
8,6.896999999999999,-10.933696748586131
8,7.106,-9.17075364945446
8,7.314999999999999,-6.670593654472024
8,7.523999999999999,-4.087274453380815
8,7.732999999999999,-1.5686763339667642
8,7.941999999999998,0.9954635096583696
8,8.150999999999998,3.8782726201194473
8,8.36,7.571282909841733
8,8.568999999999997,13.063479845844329
8,8.777999999999999,22.751036625984366
8,8.986999999999998,43.712240161600405
8,9.195999999999998,101.30577260047414
8,9.405,52.60932823169085
8,9.613999999999999,26.301686866134762
8,9.822999999999999,15.077422528542575
8,10.031999999999998,9.291009049704893
8,10.240999999999998,5.911448513028782
8,10.45,3.79270434706774
8,10.658999999999999,2.422546826584881
8,10.867999999999999,1.5389151460554422
8,11.076999999999998,0.9947190783065123
8,11.285999999999998,0.7035842688635555
8,11.495,0.6149916027750021
8,11.703999999999999,0.7010662237712104
8,11.912999999999998,0.9482941870434983
8,12.121999999999998,1.351344193170347
8,12.330999999999998,1.9075582774656406
8,12.539999999999997,2.6109921518452914
8,12.748999999999999,3.444670427523326
8,12.957999999999998,4.369596526142818
8,13.166999999999998,5.310512309977448
8,13.375999999999998,6.1442316325943445
8,13.584999999999997,6.708703699058311
8,13.793999999999999,6.860398332542638
8,14.002999999999998,6.572809545264109
8,14.212,5.960928662686698
8,14.420999999999998,5.1827234643209765
8,14.629999999999997,4.366645070667055
8,14.838999999999999,3.593991448745126
8,15.047999999999998,2.9088319137234295
8,15.256999999999998,2.333068983380907
8,15.465999999999998,1.8779384757899555
8,15.674999999999997,1.5506526651125851
8,15.883999999999997,1.3572091708697342
8,16.092999999999996,1.302628014102005
8,16.301999999999996,1.389638341965308
8,16.511,1.6165984564702145
8,16.72,1.9751544182429783
8,16.929,2.447650878070919
8,17.137999999999995,3.003715815371936
8,17.346999999999998,3.5953641053044163
8,17.555999999999997,4.1511696557139715
8,17.764999999999997,4.573333879860635
8,17.973999999999997,4.746614335164773
8,18.182999999999996,4.56971146172444
8,18.391999999999996,4.002456160122847
8,18.601,3.080486918528945
8,18.81,1.8657046065998848
8,19.019,0.39759187423940656
8,19.227999999999998,-1.3311822127498352
8,19.436999999999994,-3.3811676663523884
8,19.645999999999997,-5.85788442106025
8,19.854999999999997,-8.86606153296407
8,20.063999999999997,-12.343156607340202
8,20.272999999999996,-15.602985490007546
8,20.481999999999996,-16.682558153069234
8,20.691,-14.042856025962617
9,0.0,-10.440841255849133
9,0.20899999999999996,-7.201443478156492
9,0.4179999999999999,-4.656535819457274
9,0.6269999999999999,-2.764119111571293
9,0.8359999999999999,-1.40433681223257
9,1.045,-0.45808582176330187
9,1.2539999999999998,0.1783176782991349
9,1.4629999999999999,0.5926281049253768
9,1.6719999999999997,0.857900748553181
9,1.8809999999999998,1.0339659474899312
9,2.09,1.1694153442596327
9,2.2989999999999995,1.3041034342070035
9,2.5079999999999996,1.471918403467013
9,2.7169999999999996,1.703586953128646
9,2.9259999999999997,2.0294051877860313
9,3.1349999999999993,2.481903640946206
9,3.3439999999999994,3.098467682934035
9,3.553,3.9236735006693624
9,3.7619999999999996,5.0100945805959975
9,3.970999999999999,6.413363559713076
9,4.18,8.169710783294757
9,4.388999999999999,10.228618864455647
9,4.597999999999999,12.296461674369757
9,4.8069999999999995,13.601239422366868
9,5.015999999999999,12.988180162985131
9,5.225,10.607143230056321
9,5.433999999999999,7.50192785965957
9,5.642999999999999,4.2751460381057145
9,5.851999999999999,1.0894078887491903
9,6.060999999999999,-2.0893305961116497
9,6.269999999999999,-5.297083459619261
9,6.478999999999999,-8.370771098065553
9,6.687999999999999,-10.659212295053536
9,6.896999999999999,-10.919932848164933
9,7.106,-9.175494667024907
9,7.314999999999999,-6.6836477875983205
9,7.523999999999999,-4.102587573229337
9,7.732999999999999,-1.583156003898074
9,7.941999999999998,0.9834243950511834
9,8.150999999999998,3.8697090984959557
9,8.36,7.566994927431959
9,8.568999999999997,13.063075404426414
9,8.777999999999999,22.745402204720257
9,8.986999999999998,43.637165045427075
9,9.195999999999998,100.75638600544472
9,9.405,51.98543236840448
9,9.613999999999999,26.106041715394422
9,9.822999999999999,14.99562578018601
9,10.031999999999998,9.247753270153007
9,10.240999999999998,5.8848155055737745
9,10.45,3.77480111960932
9,10.658999999999999,2.4098807732977807
9,10.867999999999999,1.5296423555467085
9,11.076999999999998,0.9877265720154255
9,11.285999999999998,0.6981351729062617
9,11.495,0.6105665383435147
9,11.703999999999999,0.6972821062751835
9,11.912999999999998,0.9448583652650295
9,12.121999999999998,1.348027490794783
9,12.330999999999998,1.9041798238868446
9,12.539999999999997,2.6074124504805845
9,12.748999999999999,3.440791735315031
9,12.957999999999998,4.365371624380528
9,13.166999999999998,5.3059620637488525
9,13.375999999999998,6.13946300452867
9,13.584999999999997,6.703901506864814
9,13.793999999999999,6.855752646992757
9,14.002999999999998,6.568403093840056
9,14.212,5.956741640525362
9,14.420999999999998,5.178675479201431
9,14.629999999999997,4.362626899876233
9,14.838999999999999,3.5898795122877276
9,15.047999999999998,2.9044914758120757
9,15.256999999999998,2.3283515240194768
9,15.465999999999998,1.8726770537825288
9,15.674999999999997,1.5446572312666105
9,15.883999999999997,1.350262073090788
9,16.092999999999996,1.2944797915042652
9,16.301999999999996,1.3800036722263802
9,16.511,1.6051537746838171
9,16.72,1.9615424836735729
9,16.929,2.431506366612703
9,17.137999999999995,2.9847368991621117
9,17.346999999999998,3.5734639790663003
9,17.555999999999997,4.12672767881673
9,17.764999999999997,4.5474912600352
9,17.973999999999997,4.72138340292114
9,18.182999999999996,4.5474986085056734
9,18.391999999999996,3.9849507746172814
9,18.601,3.068082046267908
9,18.81,1.8577524874870288
9,19.019,0.39289911208491435
9,19.227999999999998,-1.334030137489518
9,19.436999999999994,-3.3837425637583
9,19.645999999999997,-5.862064835012177
9,19.854999999999997,-8.874262241686614
9,20.063999999999997,-12.358146939992846
9,20.272999999999996,-15.625740888166105
9,20.481999999999996,-16.70646414090907
9,20.691,-14.059022105508687
10,0.0,-10.450840640176086
10,0.20899999999999996,-7.20840985585345
10,0.4179999999999999,-4.6632047053175665
10,0.6269999999999999,-2.7720782617442667
10,0.8359999999999999,-1.4142746120988472
10,1.045,-0.47006065843797673
10,1.2539999999999998,0.16462115701311006
10,1.4629999999999999,0.5776711342279137
10,1.6719999999999997,0.8421246910499317
10,1.8809999999999998,1.0176996321080238
10,2.09,1.152840095931939
10,2.2989999999999995,1.287250914322448
10,2.5079999999999996,1.454678814278452
10,2.7169999999999996,1.6857123039946682
10,2.9259999999999997,2.0104967392740156
10,3.1349999999999993,2.461373520294918
10,3.3439999999999994,3.075461341825772
10,3.553,3.8969323252889763
10,3.7619999999999996,4.977731437713207
10,3.970999999999999,6.3725416284252105
10,4.18,8.116345688458937
10,4.388999999999999,10.15774788227692
10,4.597999999999999,12.205433585187839
10,4.8069999999999995,13.500047687183677
10,5.015999999999999,12.9128217076846
10,5.225,10.567099917846301
10,5.433999999999999,7.487948976285923
10,5.642999999999999,4.2781070287542065
10,5.851999999999999,1.104674919708456
10,6.060999999999999,-2.062982717613385
10,6.269999999999999,-5.259763226414195
10,6.478999999999999,-8.32524836877551
10,6.687999999999999,-10.617484939071842
10,6.896999999999999,-10.90569573479247
10,7.106,-9.179802523810224
10,7.314999999999999,-6.6964028899708286
10,7.523999999999999,-4.117722426536944
10,7.732999999999999,-1.5975437479723977
10,7.941999999999998,0.9714164517078036
10,8.150999999999998,3.861124275356715
10,8.36,7.562611405053025
10,8.568999999999997,13.06239351207698
10,8.777999999999999,22.738863552172152
10,8.986999999999998,43.558575641188824
10,9.195999999999998,100.19127764026054
10,9.405,51.366777921255505
10,9.613999999999999,25.911154268468263
10,9.822999999999999,14.913892777937999
10,10.031999999999998,9.204459343287303
10,10.240999999999998,5.858134153640416
10,10.45,3.7568513083705097
10,10.658999999999999,2.3971701186743126
10,10.867999999999999,1.5203265006108615
10,11.076999999999998,0.9806925239573088
10,11.285999999999998,0.6926463540422712
10,11.495,0.6061038927031266
10,11.703999999999999,0.6934627010240029
10,11.912999999999998,0.9413894486433322
10,12.121999999999998,1.344679575387213
10,12.330999999999998,1.9007714902442328
10,12.539999999999997,2.6038032992671303
10,12.748999999999999,3.4368827328936242
10,12.957999999999998,4.361113772263938
10,13.166999999999998,5.301374042797044
10,13.375999999999998,6.134650011319702
10,13.584999999999997,6.699048550501046
10,13.793999999999999,6.851053529686038
10,14.002999999999998,6.563946207663344
10,14.212,5.952510749111225
10,14.420999999999998,5.174591007492881
10,14.629999999999997,4.358578746358218
10,14.838999999999999,3.585742811934601
10,15.047999999999998,2.900130161515255
10,15.256999999999998,2.3236158774476787
10,15.465999999999998,1.8673992295269448
10,15.674999999999997,1.5386464086553426
10,15.883999999999997,1.3432999741705087
10,16.092999999999996,1.2863165028947934
10,16.301999999999996,1.3703535446684925
10,16.511,1.593693003620265
10,16.72,1.9479136462574715
10,16.929,2.415343741036032
10,17.137999999999995,2.965737632917538
10,17.346999999999998,3.5515383349553997
10,17.555999999999997,4.10224841335751
10,17.764999999999997,4.52158788068162
10,17.973999999999997,4.69605414914697
10,18.182999999999996,4.5251448892871675
10,18.391999999999996,3.9672792517556332
10,18.601,3.0555091551743025
10,18.81,1.8496462565574636
10,19.019,0.3880709997433765
10,19.227999999999998,-1.336998877407962
10,19.436999999999994,-3.386435455555054
10,19.645999999999997,-5.866381394731338
10,19.854999999999997,-8.882652818423212
10,20.063999999999997,-12.3734353122072
10,20.272999999999996,-15.64895349706685
10,20.481999999999996,-16.73092738306632
10,20.691,-14.07561617054461
11,0.0,-10.46072167382011
11,0.20899999999999996,-7.215278422933319
11,0.4179999999999999,-4.669800080305264
11,0.6269999999999999,-2.7799759851527965
11,0.8359999999999999,-1.4241530161226859
11,1.045,-0.4819735264048674
11,1.2539999999999998,0.15098941331490132
11,1.4629999999999999,0.5627798344258269
11,1.6719999999999997,0.8264129355894203
11,1.8809999999999998,1.001494464845549
11,2.09,1.1363220280627275
11,2.2989999999999995,1.2704515770857567
11,2.5079999999999996,1.4374890358440628
11,2.7169999999999996,1.6678853452904028
11,2.9259999999999997,1.9916355541041848
11,3.1349999999999993,2.4408925218359396
11,3.3439999999999994,3.052509203067931
11,3.553,3.8702550687517534
11,3.7619999999999996,4.945449104568263
11,3.970999999999999,6.331828818047075
11,4.18,8.063135352978671
11,4.388999999999999,10.087094758745975
11,4.597999999999999,12.114657390898603
11,4.8069999999999995,13.398890498801295
11,5.015999999999999,12.836589138509455
11,5.225,10.525996233298343
11,5.433999999999999,7.4730956397091735
11,5.642999999999999,4.2804338830280635
11,5.851999999999999,1.119502274100985
11,6.060999999999999,-2.0369294669944797
11,6.269999999999999,-5.222614633537276
11,6.478999999999999,-8.279750679034272
11,6.687999999999999,-10.575557186211439
11,6.896999999999999,-10.890992887338493
11,7.106,-9.183681781218015
11,7.314999999999999,-6.7088642335092405
11,7.523999999999999,-4.132685819042043
11,7.732999999999999,-1.6118478503517881
11,7.941999999999998,0.9594298980974401
11,8.150999999999998,3.852506855942988
11,8.36,7.558119069685945
11,8.568999999999997,13.061417815482391
11,8.777999999999999,22.731398970999404
11,8.986999999999998,43.476448252369764
11,9.195999999999998,99.61051488154997
11,9.405,50.75359331181147
11,9.613999999999999,25.717073599407655
11,9.822999999999999,14.832232074339354
11,10.031999999999998,9.16112478965221
11,10.240999999999998,5.831398446265148
11,10.45,3.738847559111543
11,10.658999999999999,2.384407153852463
11,10.867999999999999,1.5109598072412729
11,11.076999999999998,0.973609372064023
11,11.285999999999998,0.6871106126586659
11,11.495,0.6015969352980365
11,11.703999999999999,0.689601851738111
11,11.912999999999998,0.9378819694432778
11,12.121999999999998,1.3412957496760205
11,12.330999999999998,1.8973293476749489
11,12.539999999999997,2.600161612974643
11,12.748999999999999,3.4329411444019295
11,12.957999999999998,4.3568214830577086
11,13.166999999999998,5.296747499787621
11,13.375999999999998,6.129792567216291
11,13.584999999999997,6.6941453314734245
11,13.793999999999999,6.8463019245905725
11,14.002999999999998,6.5594402028396255
11,14.212,5.9482376756035205
11,14.420999999999998,5.17047200212435
11,14.629999999999997,4.354502898480319
11,14.838999999999999,3.5815838370749757
11,15.047999999999998,2.8957506338736505
11,15.256999999999998,2.318864927515289
11,15.465999999999998,1.8621080998865525
11,15.674999999999997,1.5326235183969623
11,15.883999999999997,1.3363265211352915
11,16.092999999999996,1.278142107526579
11,16.301999999999996,1.3606923437303373
11,16.511,1.5822210411687712
11,16.72,1.9342735055635711
11,16.929,2.3991695258529
11,17.137999999999995,2.946725680277083
11,17.346999999999998,3.529596258105541
11,17.555999999999997,4.077742647613106
11,17.764999999999997,4.495636565059923
11,17.973999999999997,4.670641920039711
11,18.182999999999996,4.502669002138112
11,18.391999999999996,3.949465078809943
11,18.601,3.042799306744137
11,18.81,1.8414288058437256
11,19.019,0.38316930607398114
11,19.227999999999998,-1.3399962820836633
11,19.436999999999994,-3.389105124687274
11,19.645999999999997,-5.870615189795667
11,19.854999999999997,-8.89090167829417
11,20.063999999999997,-12.388566921891313
11,20.272999999999996,-15.672135830490058
11,20.481999999999996,-16.755525841197382
11,20.691,-14.092141227986406
12,0.0,-10.467999890304165
12,0.20899999999999996,-7.220353562395455
12,0.4179999999999999,-4.675220110920987
12,0.6269999999999999,-2.787095170878094
12,0.8359999999999999,-1.4334945223054973
12,1.045,-0.49349694423461304
12,1.2539999999999998,0.13765401614968667
12,1.4629999999999999,0.5481229564364095
12,1.6719999999999997,0.8108920922343886
12,1.8809999999999998,0.9854484458123872
12,2.09,1.1199393681985115
12,2.2989999999999995,1.2537699624617276
12,2.5079999999999996,1.420404372228621
12,2.7169999999999996,1.6501551967791255
12,2.9259999999999997,1.972866924618367
12,3.1349999999999993,2.420503958716368
12,3.3439999999999994,3.0296538788802643
12,3.553,3.8436846655275834
12,3.7619999999999996,4.913291728545752
12,3.970999999999999,6.29127132384695
12,4.18,8.010129198295532
12,4.388999999999999,10.016714020636392
12,4.597999999999999,12.024196045277598
12,4.8069999999999995,13.29784379703933
12,5.015999999999999,12.759571763882125
12,5.225,10.483909359649067
12,5.433999999999999,7.457431355051691
12,5.642999999999999,4.28218023215301
12,5.851999999999999,1.1339361621520239
12,6.060999999999999,-2.011131304919312
12,6.269999999999999,-5.185604566941557
12,6.478999999999999,-8.234250737716835
12,6.687999999999999,-10.533403784563406
12,6.896999999999999,-10.875791966095765
12,7.106,-9.18710083514631
12,7.314999999999999,-6.72100442322328
12,7.523999999999999,-4.147455259037649
12,7.732999999999999,-1.6260506228974712
12,7.941999999999998,0.9474780233556618
12,8.150999999999998,3.8438656918613625
12,8.36,7.553522125581788
12,8.568999999999997,13.060146862209217
12,8.777999999999999,22.722999519391966
12,8.986999999999998,43.39077005717715
12,9.195999999999998,99.01417419918478
12,9.405,50.14610629633588
12,9.613999999999999,25.523853473171567
12,9.822999999999999,14.750655957320944
12,10.031999999999998,9.117749267344541
12,10.240999999999998,5.804602682249201
12,10.45,3.7207812750869604
12,10.658999999999999,2.371581381154966
12,10.867999999999999,1.5015306131266133
12,11.076999999999998,0.9664646150821449
12,11.285999999999998,0.6815149598449185
12,11.495,0.5970323976624133
12,11.703999999999999,0.685686209000412
12,11.912999999999998,0.934322620154237
12,12.121999999999998,1.3378628109973432
12,12.330999999999998,1.8938404492724423
12,12.539999999999997,2.5964747600586553
12,12.748999999999999,3.428954824109353
12,12.957999999999998,4.35248310655781
12,13.166999999999998,5.292071340608469
12,13.375999999999998,6.124880110221591
12,13.584999999999997,6.689181833585049
12,13.793999999999999,6.8414882966511055
12,14.002999999999998,6.554876129016064
12,14.212,5.943914062339641
12,14.420999999999998,5.166310915741454
12,14.629999999999997,4.3503926125037555
12,14.838999999999999,3.5773968418981235
12,15.047999999999998,2.8913482686453227
12,15.256999999999998,2.3140953544262897
12,15.465999999999998,1.8568017191328632
12,15.674999999999997,1.526588276057966
12,15.883999999999997,1.3293432543680643
12,16.092999999999996,1.2699604157113287
12,16.301999999999996,1.3510265323602237
12,16.511,1.5707476635233293
12,16.72,1.9206358438771192
12,16.929,2.383002604986135
12,17.137999999999995,2.927726311010542
12,17.346999999999998,3.5076711837705985
12,17.555999999999997,4.0532543315241405
12,17.764999999999997,4.469694995514357
12,17.973999999999997,4.645222723806016
12,18.182999999999996,4.48017206591217
12,18.391999999999996,3.9316451497790106
12,18.601,3.030141674821434
12,18.81,1.833367901705765
12,19.019,0.37858276336766794
12,19.227999999999998,-1.3424427423918155
12,19.436999999999994,-3.390866557699022
12,19.645999999999997,-5.873399474472546
12,19.854999999999997,-8.896945009270212
12,20.063999999999997,-12.40071739313373
12,20.272999999999996,-15.692261827240799
12,20.481999999999996,-16.777633158065722
12,20.691,-14.10550357876145
13,0.0,-10.475583018901672
13,0.20899999999999996,-7.225621100961101
13,0.4179999999999999,-4.680756257242116
13,0.6269999999999999,-2.7942768955987396
13,0.8359999999999999,-1.4428592404697806
13,1.045,-0.5050147540603399
13,1.2539999999999998,0.12434411158959692
13,1.4629999999999999,0.5335039167291177
13,1.6719999999999997,0.7954155857906559
13,1.8809999999999998,0.9694492373945701
13,2.09,1.1036036936020992
13,2.2989999999999995,1.237134589478201
13,2.5079999999999996,1.403365258386675
13,2.7169999999999996,1.6324708676810764
13,2.9259999999999997,1.9541460696858577
13,3.1349999999999993,2.40016749888134
13,3.3439999999999994,3.0068583541101046
13,3.553,3.817186663948098
13,3.7619999999999996,4.881226913066527
13,3.970999999999999,6.250838943389633
13,4.18,7.957299974356032
13,4.388999999999999,9.946583333257266
13,4.597999999999999,11.934035833077628
13,4.8069999999999995,13.196907923544181
13,5.015999999999999,12.681785783138833
13,5.225,10.440846334402373
13,5.433999999999999,7.440953273723302
13,5.642999999999999,4.283337952642291
13,5.851999999999999,1.1479664954726576
13,6.060999999999999,-1.9855986824671694
13,6.269999999999999,-5.148743381411577
13,6.478999999999999,-8.188757686024552
13,6.687999999999999,-10.491028772760911
13,6.896999999999999,-10.860082899756604
13,7.106,-9.190043399429848
13,7.314999999999999,-6.732804631060712
13,7.523999999999999,-4.1620103537323985
13,7.732999999999999,-1.6401302793929686
13,7.941999999999998,0.9355837606583466
13,8.150999999999998,3.835224588431684
13,8.36,7.5488443943672925
13,8.568999999999997,13.058603014433785
13,8.777999999999999,22.713683659710966
13,8.986999999999998,43.301558941328885
13,9.195999999999998,98.40236551447786
13,9.405,49.54457261818237
13,9.613999999999999,25.33158476976728
13,9.822999999999999,14.669216482708427
13,10.031999999999998,9.074373800146372
13,10.240999999999998,5.777783868393045
13,10.45,3.702687555521378
13,10.658999999999999,2.358726649957108
13,10.867999999999999,1.4920716420092508
13,11.076999999999998,0.9592900643013952
13,11.285999999999998,0.6758901855926667
13,11.495,0.5924400251950035
13,11.703999999999999,0.6817443904163425
13,11.912999999999998,0.9307389324419505
13,12.121999999999998,1.334407259773255
13,12.330999999999998,1.8903301914115147
13,12.539999999999997,2.5927670173558406
13,12.748999999999999,3.4249468278301882
13,12.957999999999998,4.34812049277655
13,13.166999999999998,5.287366217931862
13,13.375999999999998,6.119932023687552
13,13.584999999999997,6.684176037346802
13,13.793999999999999,6.83662916707097
13,14.002999999999998,6.550268975084047
13,14.212,5.939553401727916
13,14.420999999999998,5.162119579322429
13,14.629999999999997,4.346258128464578
13,14.838999999999999,3.573190353440221
13,15.047999999999998,2.886929773433001
13,15.256999999999998,2.3093118590362187
13,15.465999999999998,1.8514827364293223
13,15.674999999999997,1.5205409344256449
13,15.883999999999997,1.3223478233482953
13,16.092999999999996,1.2617660723122943
13,16.301999999999996,1.3413473039869643
13,16.511,1.5592599382392875
13,16.72,1.9069828642510225
13,16.929,2.3668191440105817
13,17.137999999999995,2.9087082495495094
13,17.346999999999998,3.485722337168328
13,17.555999999999997,4.028730305408047
13,17.764999999999997,4.443693482582717
13,17.973999999999997,4.619704340875879
13,18.182999999999996,4.457530755491745
13,18.391999999999996,3.9136523353761055
13,18.601,3.017306253591181
13,18.81,1.8251404699084643
13,19.019,0.37384624229098207
13,19.227999999999998,-1.3450265477387344
13,19.436999999999994,-3.392764460796197
13,19.645999999999997,-5.876340620481317
13,19.854999999999997,-8.903201865385114
13,20.063999999999997,-12.413193959162582
13,20.272999999999996,-15.712879901290794
13,20.481999999999996,-16.800331418877544
13,20.691,-14.119324125891307
14,0.0,-10.483455113547185
14,0.20899999999999996,-7.231064594878557
14,0.4179999999999999,-4.686391808506416
14,0.6269999999999999,-2.8015044349620064
14,0.8359999999999999,-1.452230718223806
14,1.045,-0.5165113141426507
14,1.2539999999999998,0.11107399812398504
14,1.4629999999999999,0.5189351415469216
14,1.6719999999999997,0.7799935771106955
14,1.8809999999999998,0.9535044140457194
14,2.09,1.0873197185323815
14,2.2989999999999995,1.220547132663693
14,2.5079999999999996,1.386370311355654
14,2.7169999999999996,1.6148279048562433
14,2.9259999999999997,1.935465445493915
14,3.1349999999999993,2.3798726866889033
14,3.3439999999999994,2.9841094970502353
14,3.553,3.7907456785495723
14,3.7619999999999996,4.849237621058772
14,3.970999999999999,6.210513720106484
14,4.18,7.9046300437173755
14,4.388999999999999,9.876687463128581
14,4.597999999999999,11.844167697927546
14,4.8069999999999995,13.096085584681441
14,5.015999999999999,12.603248104631882
14,5.225,10.396812521799179
14,5.433999999999999,7.423654125220976
14,5.642999999999999,4.283891726200035
14,5.851999999999999,1.1615731041851531
14,6.060999999999999,-1.9603551047587693
14,6.269999999999999,-5.1120572113896525
14,6.478999999999999,-8.143299395391173
14,6.687999999999999,-10.448457669783512
14,6.896999999999999,-10.84387975443652
14,7.106,-9.192519654169836
14,7.314999999999999,-6.74427476815284
14,7.523999999999999,-4.176361603596004
14,7.732999999999999,-1.6540980101361513
14,7.941999999999998,0.9237352239901748
14,8.150999999999998,3.8265708948716664
14,8.36,7.544072044632564
14,8.568999999999997,13.056770058494562
14,8.777999999999999,22.703430787135492
14,8.986999999999998,43.2087935607874
14,9.195999999999998,97.77515905661514
14,9.405,48.94920033074349
14,9.613999999999999,25.1403180401876
14,9.822999999999999,14.587926741969408
14,10.031999999999998,9.031001035135102
14,10.240999999999998,5.750941199872005
14,10.45,3.6845641683226873
14,10.658999999999999,2.345840201286685
14,10.867999999999999,1.4825800464086187
14,11.076999999999998,0.9520828060413282
14,11.285999999999998,0.6702335440094894
14,11.495,0.5878174103696949
14,11.703999999999999,0.6777743606625865
14,11.912999999999998,0.9271291935903828
14,12.121999999999998,1.3309276515903152
14,12.330999999999998,1.8867974441968232
14,12.539999999999997,2.589037635063328
14,12.748999999999999,3.4209168153183875
14,12.957999999999998,4.343733725188619
14,13.166999999999998,5.282632458727899
14,13.375999999999998,6.114948888546219
14,13.584999999999997,6.679128740538231
14,13.793999999999999,6.831725448752403
14,14.002999999999998,6.545619678004211
14,14.212,5.935156591509612
14,14.420999999999998,5.1578989943843405
14,14.629999999999997,4.342100541584442
14,14.838999999999999,3.5689655996839686
14,15.047999999999998,2.882496604090043
14,15.256999999999998,2.3045161350355006
14,15.465999999999998,1.846153037533941
14,15.674999999999997,1.5144836563126198
14,15.883999999999997,1.315342639053942
14,16.092999999999996,1.2535617515567195
14,16.301999999999996,1.3316575984980759
14,16.511,1.5477612129194438
14,16.72,1.893318327423736
14,16.929,2.3506234676207627
14,17.137999999999995,2.889676428450876
14,17.346999999999998,3.463755250995042
14,17.555999999999997,4.004176622095712
14,17.764999999999997,4.417638454560314
14,17.973999999999997,4.5940932991107815
14,18.182999999999996,4.4347514638062435
14,18.391999999999996,3.8954928234603785
14,18.601,3.004299076545763
14,18.81,1.8167526774069824
14,19.019,0.3689662955275162
14,19.227999999999998,-1.34774051279617
14,19.436999999999994,-3.3947908762801555
14,19.645999999999997,-5.879429731594765
14,19.854999999999997,-8.909662247989042
14,20.063999999999997,-12.425985334740552
14,20.272999999999996,-15.733977538410082
14,20.481999999999996,-16.823607021018613
14,20.691,-14.133587814625422
15,0.0,-10.491627196852951
15,0.20899999999999996,-7.236698830034876
15,0.4179999999999999,-4.692144384974245
15,0.6269999999999999,-2.808797275266055
15,0.8359999999999999,-1.4616292488870266
15,1.045,-0.5280065651419096
15,1.2539999999999998,0.09782521145390895
15,1.4629999999999999,0.5044006553671633
15,1.6719999999999997,0.7646133503914273
15,1.8809999999999998,0.9376051035991612
15,2.09,1.071082831164958
15,2.2989999999999995,1.204007416090196
15,2.5079999999999996,1.3694238142009518
15,2.7169999999999996,1.597234841643495
15,2.9259999999999997,1.916837621913143
15,3.1349999999999993,2.3596356795468885
15,3.3439999999999994,2.9614266450192335
15,3.553,3.7643836693141663
15,3.7619999999999996,4.817348028214938
15,3.970999999999999,6.170321878957328
15,4.18,7.852148027220269
15,4.388999999999999,9.807058888073959
15,4.597999999999999,11.754631089639872
15,4.8069999999999995,12.99542832001678
15,5.015999999999999,12.524024888073306
15,5.225,10.351862010491391
15,5.433999999999999,7.405574414060635
15,5.642999999999999,4.283872795858606
15,5.851999999999999,1.1747810614460943
15,6.060999999999999,-1.9353803342250855
15,6.269999999999999,-5.075530173301181
15,6.478999999999999,-8.097863225927274
15,6.687999999999999,-10.405677174395471
15,6.896999999999999,-10.827159368020428
15,7.106,-9.19450423378678
15,7.314999999999999,-6.755390538776506
15,7.523999999999999,-4.190486501953689
15,7.732999999999999,-1.6679329683306499
15,7.941999999999998,0.9119518594965144
15,8.150999999999998,3.817922505817686
15,8.36,7.539221001879399
15,8.568999999999997,13.054660914730798
15,8.777999999999999,22.692248839861627
15,8.986999999999998,43.11248072291369
15,9.195999999999998,97.13265284883443
15,9.405,48.36021698519911
15,9.613999999999999,24.950130142935677
15,9.822999999999999,14.50682683194799
15,10.031999999999998,8.987660588721624
15,10.240999999999998,5.724100798012725
15,10.45,3.6664361034860264
15,10.658999999999999,2.3329466866802377
15,10.867999999999999,1.4730805540209269
15,11.076999999999998,0.9448679596794569
15,11.285999999999998,0.6645705729572977
15,11.495,0.5831903524453702
15,11.703999999999999,0.6738022373067838
15,11.912999999999998,0.9235197591966697
15,12.121999999999998,1.3274504848629536
15,12.330999999999998,1.8832687105960755
15,12.539999999999997,2.585312795496121
15,12.748999999999999,3.416890486895737
15,12.957999999999998,4.339347765214348
15,13.166999999999998,5.277894162174644
15,13.375999999999998,6.1099536168122555
15,13.584999999999997,6.674061304220123
15,13.793999999999999,6.826796791146598
15,14.002999999999998,6.540945974272139
15,14.212,5.930739423165602
15,14.420999999999998,5.153662871766508
15,14.629999999999997,4.337931465646454
15,14.838999999999999,3.5647321994901375
15,15.047999999999998,2.878056363798285
15,15.256999999999998,2.2997139782132376
15,15.465999999999998,1.8408168475867488
15,15.674999999999997,1.508419379427402
15,15.883999999999997,1.308329809537362
15,16.092999999999996,1.245349155597952
15,16.301999999999996,1.3219593339564568
15,16.511,1.5362540699269411
15,16.72,1.8796461625589376
15,16.929,2.334421344254387
15,17.137999999999995,2.8706390250227902
15,17.346999999999998,3.4417809072117516
15,17.555999999999997,3.9796073081350296
15,17.764999999999997,4.391546854880184
15,17.973999999999997,4.568409147005913
15,18.182999999999996,4.411855716457417
15,18.391999999999996,3.8771894403380114
15,18.601,2.991143583096436
15,18.81,1.8082278997407484
15,19.019,0.36396546852018624
15,19.227999999999998,-1.3505638207595565
15,19.436999999999994,-3.39692744198206
15,19.645999999999997,-5.88265170799077
15,19.854999999999997,-8.916314923696232
15,20.063999999999997,-12.439084584860492
15,20.272999999999996,-15.755552407632099
15,20.481999999999996,-16.847462431990852
15,20.691,-14.148301330079782
16,0.0,-10.500107590350208
16,0.20899999999999996,-7.242536645314492
16,0.4179999999999999,-4.6980325056426375
16,0.6269999999999999,-2.816180809294432
16,0.8359999999999999,-1.471088717596836
16,1.045,-0.539544807747868
16,1.2539999999999998,0.08454054777391208
16,1.4629999999999999,0.48982733225514363
16,1.6719999999999997,0.7491820403364171
16,1.8809999999999998,0.9216337699972132
16,2.09,1.0547441461353406
16,2.2989999999999995,1.1873261956696093
16,2.5079999999999996,1.3522838167250137
16,2.7169999999999996,1.5793799062706069
16,2.9259999999999997,1.897857088775355
16,3.1349999999999993,2.338923910790439
16,3.3439999999999994,2.938104465627807
16,3.553,3.737163742601254
16,3.7619999999999996,4.784325949941122
16,3.970999999999999,6.128704899031713
16,4.18,7.798081884542652
16,4.388999999999999,9.736209233875543
16,4.597999999999999,11.665356060032225
16,4.8069999999999995,12.897346944037976
16,5.015999999999999,12.446460500148627
16,5.225,10.305876073082059
16,5.433999999999999,7.385211723687033
16,5.642999999999999,4.281509460066572
16,5.851999999999999,1.1860324141208196
16,6.060999999999999,-1.9119116729010763
16,6.269999999999999,-5.040111533730497
16,6.478999999999999,-8.053173431663334
16,6.687999999999999,-10.363241095218719
16,6.896999999999999,-10.810341327986654
16,7.106,-9.196322725486326
16,7.314999999999999,-6.766410520696893
16,7.523999999999999,-4.204594110803355
16,7.732999999999999,-1.6818068560881907
16,7.941999999999998,0.9000905556333268
16,8.150999999999998,3.8091584721442033
16,8.36,7.5341872331348325
16,8.568999999999997,13.052183641270563
16,8.777999999999999,22.680053344706355
16,8.986999999999998,43.01254514560117
16,9.195999999999998,96.47487099731055
16,9.405,47.7777751119967
16,9.613999999999999,24.76103601456435
16,9.822999999999999,14.425900988889584
16,10.031999999999998,8.94433074930747
16,10.240999999999998,5.697241209210266
16,10.45,3.6482839182738753
16,10.658999999999999,2.3200292073379996
16,10.867999999999999,1.463558839321957
16,11.076999999999998,0.9376336818720842
16,11.285999999999998,0.6588917792695971
16,11.495,0.5785517410663714
16,11.703999999999999,0.6698230753040635
16,11.912999999999998,0.9199077650639981
16,12.121999999999998,1.3239749036845474
16,12.330999999999998,1.8797450373745705
16,12.539999999999997,2.581595553212528
16,12.748999999999999,3.4128727804039842
16,12.957999999999998,4.334969368137295
16,13.166999999999998,5.273159872974794
16,13.375999999999998,6.104956475339645
16,13.584999999999997,6.6689857054710675
16,13.793999999999999,6.821856635782066
16,14.002999999999998,6.536262791383457
16,14.212,5.926318222754442
16,14.420999999999998,5.149428945940326
16,14.629999999999997,4.3337700046672385
16,14.838999999999999,3.5605104374649814
16,15.047999999999998,2.873630540704278
16,15.256999999999998,2.29492793911112
16,15.465999999999998,1.8354976783458954
16,15.674999999999997,1.5023724845904884
16,15.883999999999997,1.301334376375458
16,16.092999999999996,1.237153870728101
16,16.301999999999996,1.3122783482267506
16,16.511,1.5247644229208739
16,16.72,1.865991988271765
16,16.929,2.3182379125626995
16,17.137999999999995,2.8516202926964125
16,17.346999999999998,3.41982247201307
16,17.555999999999997,3.9550440759561734
16,17.764999999999997,4.3654386726577386
16,17.973999999999997,4.542669749034491
16,18.182999999999996,4.388858995155285
16,18.391999999999996,3.8587550974209237
16,18.601,2.977850363751397
16,18.81,1.7995746021728012
16,19.019,0.35885050608348623
16,19.227999999999998,-1.3534910924370003
16,19.436999999999994,-3.3991699969793943
16,19.645999999999997,-5.886003474381792
16,19.854999999999997,-8.923157806581019
16,20.063999999999997,-12.452490780795069
16,20.272999999999996,-15.777605001493146
16,20.481999999999996,-16.871900149975183
16,20.691,-14.16346946757277
17,0.0,-10.50892561317419
17,0.20899999999999996,-7.248606223000693
17,0.4179999999999999,-4.704083531283595
17,0.6269999999999999,-2.8236821007424604
17,0.8359999999999999,-1.4806363013807347
17,1.045,-0.5511539618829849
17,1.2539999999999998,0.07119074379701787
17,1.4629999999999999,0.4751837958356754
17,1.6719999999999997,0.7336651723642614
17,1.8809999999999998,0.9055515955615259
17,2.09,1.0382590158956713
17,2.2989999999999995,1.1704511464777458
17,2.5079999999999996,1.33488776374609
17,2.7169999999999996,1.561187133778839
17,2.9259999999999997,1.8784299131298816
17,3.1349999999999993,2.317619258263539
17,3.3439999999999994,2.9139920979554863
17,3.553,3.708891130635075
17,3.7619999999999996,4.749920168319093
17,3.970999999999999,6.085346779592394
17,4.18,7.742063935312353
17,4.388999999999999,9.66379117078125
17,4.597999999999999,11.576190898150212
17,4.8069999999999995,12.802086649125838
17,5.015999999999999,12.370953949930804
17,5.225,10.25882624877361
17,5.433999999999999,7.362262952888363
17,5.642999999999999,4.27643632748246
17,5.851999999999999,1.194999199793573
17,6.060999999999999,-1.8902150622885248
17,6.269999999999999,-5.006010422451936
17,6.478999999999999,-8.00939414190648
17,6.687999999999999,-10.321276706177985
17,6.896999999999999,-10.793516461433098
17,7.106,-9.198043853968652
17,7.314999999999999,-6.777389690064412
17,7.523999999999999,-4.2187301664416275
17,7.732999999999999,-1.6957587221378874
17,7.941999999999998,0.888117051468601
17,8.150999999999998,3.8002475448770947
17,8.36,7.528940778178111
17,8.568999999999997,13.049307447346633
17,8.777999999999999,22.666809797584705
17,8.986999999999998,42.908952081168756
17,9.195999999999998,95.80186939585715
17,9.405,47.20204193260446
17,9.613999999999999,24.573064547636136
17,9.822999999999999,14.3451404572386
17,10.031999999999998,8.900988880080618
17,10.240999999999998,5.670332095089795
17,10.45,3.6300710672650025
17,10.658999999999999,2.3070453360547094
17,10.867999999999999,1.4539666384131016
17,11.076999999999998,0.9303258009532671
17,11.285999999999998,0.6531371347791453
17,11.495,0.5738357343502644
17,11.703999999999999,0.6657655829021053
17,11.912999999999998,0.9162169455614785
17,12.121999999999998,1.3204202546938235
17,12.330999999999998,1.8761421836862586
17,12.539999999999997,2.577798800276538
17,12.748999999999999,3.408774671731935
17,12.957999999999998,4.330508563880299
17,13.166999999999998,5.268339526981794
17,13.375999999999998,6.09986813569136
17,13.584999999999997,6.663813960032783
17,13.793999999999999,6.816819045286087
17,14.002999999999998,6.531486731466393
17,14.212,5.921812675553698
17,14.420999999999998,5.145120312229169
17,14.629999999999997,4.329542936300649
17,14.838999999999999,3.556231005744912
17,15.047999999999998,2.8691537096575934
17,15.256999999999998,2.29009635962814
17,15.465999999999998,1.8301373515121764
17,15.674999999999997,1.4962879024166373
17,15.883999999999997,1.2943039854224496
17,16.092999999999996,1.228925833333744
17,16.301999999999996,1.3025664898788312
17,16.511,1.513245654703379
17,16.72,1.8523104397290968
17,16.929,2.302028665024236
17,17.137999999999995,2.8325763964569997
17,17.346999999999998,3.397836382823792
17,17.555999999999997,3.9304433404244823
17,17.764999999999997,4.339269885519461
17,17.973999999999997,4.516830308474114
17,18.182999999999996,4.365715431808099
17,18.391999999999996,3.840142879540909
17,18.601,2.964371631413321
17,18.81,1.7907447757154573
17,19.019,0.3535736666464212
17,19.227999999999998,-1.356569175363134
17,19.436999999999994,-3.4015639652838434
17,19.645999999999997,-5.889528453710273
17,19.854999999999997,-8.930232006845555
17,20.063999999999997,-12.466242374410397
17,20.272999999999996,-15.800171163538133
17,20.481999999999996,-16.89695360233601
17,20.691,-14.17912325314926
18,0.0,-10.518030912299487
18,0.20899999999999996,-7.25485303754906
18,0.4179999999999999,-4.710237716371806
18,0.6269999999999999,-2.8312348245293872
18,0.8359999999999999,-1.4901975568312118
18,1.045,-0.5627494280897137
18,1.2539999999999998,0.05787310903251961
18,1.4629999999999999,0.4605832724018924
18,1.6719999999999997,0.7181962650877736
18,1.8809999999999998,0.8895182451429706
18,2.09,1.0218211259672603
18,2.2989999999999995,1.1536206743298323
18,2.5079999999999996,1.3175336499499517
18,2.7169999999999996,1.5430344189108527
18,2.9259999999999997,1.859042561712458
18,3.1349999999999993,2.2963567465854293
18,3.3439999999999994,2.889927990130054
18,3.553,3.680678557972202
18,3.7619999999999996,4.715594436535063
18,3.970999999999999,6.042099707866378
18,4.18,7.686198242922943
18,4.388999999999999,9.591559517873286
18,4.597999999999999,11.487171132590506
18,4.8069999999999995,12.706697517270968
18,5.015999999999999,12.294717861472437
18,5.225,10.21087714007165
18,5.433999999999999,7.338526727287865
18,5.642999999999999,4.270755405058019
18,5.851999999999999,1.203515583814675
18,6.060999999999999,-1.868848296246702
18,6.269999999999999,-4.972135953885638
18,6.478999999999999,-7.965708194861107
18,6.687999999999999,-10.27916674503277
18,6.896999999999999,-10.776204733557018
18,7.106,-9.199292759416076
18,7.314999999999999,-6.788033537669208
18,7.523999999999999,-4.232661107079618
18,7.732999999999999,-1.7096016064405661
18,7.941999999999998,0.876182192623609
18,8.150999999999998,3.7913121450138094
18,8.36,7.523580949111023
18,8.568999999999997,13.046111793532223
18,8.777999999999999,22.652579401785754
18,8.986999999999998,42.80175131564208
18,9.195999999999998,95.1137800331227
18,9.405,46.63324612182827
18,9.613999999999999,24.3863095986344
18,9.822999999999999,14.264601104663212
18,10.031999999999998,8.857677734644886
18,10.240999999999998,5.643410639143615
18,10.45,3.6118323069126355
18,10.658999999999999,2.2940290926191924
18,10.867999999999999,1.4443383375915353
18,11.076999999999998,0.922979890839021
18,11.285999999999998,0.6473440071670916
18,11.495,0.5690819363543351
18,11.703999999999999,0.661671784412489
18,11.912999999999998,0.9124917738374291
18,12.121999999999998,1.3168333813659272
18,12.330999999999998,1.8725090653526748
18,12.539999999999997,2.5739732622277125
18,12.748999999999999,3.4046482779459235
18,12.957999999999998,4.3260183891421775
18,13.166999999999998,5.263486578256241
18,13.375999999999998,6.094742007924932
18,13.584999999999997,6.658599084770004
18,13.793999999999999,6.8117361894445345
18,14.002999999999998,6.526668810119656
18,14.212,5.9172723184485445
18,14.420999999999998,5.140784931177414
18,14.629999999999997,4.325296503188956
18,14.838999999999999,3.5519383460529057
18,15.047999999999998,2.864668527184755
18,15.256999999999998,2.285260295154239
18,15.465999999999998,1.824775595766926
18,15.674999999999997,1.490204299556667
18,15.883999999999997,1.2872764407096942
18,16.092999999999996,1.2207021266667044
18,16.301999999999996,1.2928602304432906
18,16.511,1.5017337745230228
18,16.72,1.8386371723227606
18,16.929,2.285829056242633
18,17.137999999999995,2.813542585404303
18,17.346999999999998,3.3758578016634084
18,17.555999999999997,3.9058402236460994
18,17.764999999999997,4.31307551145694
18,17.973999999999997,4.49092554320958
18,18.182999999999996,4.342459245582732
18,18.391999999999996,3.8213864231898973
18,18.601,2.950740632144141
18,18.81,1.781771411943177
18,19.019,0.34816811294608463
18,19.227999999999998,-1.3597644711133205
18,19.436999999999994,-3.404074909875906
18,19.645999999999997,-5.893191159423702
18,19.854999999999997,-8.937500544870264
18,20.063999999999997,-12.480300485435883
18,20.272999999999996,-15.823209759021893
18,20.481999999999996,-16.92257917021078
18,20.691,-14.19521575740132
19,0.0,-10.528131693261574
19,0.20899999999999996,-7.262246941680143
19,0.4179999999999999,-4.717662747300074
19,0.6269999999999999,-2.840080774072105
19,0.8359999999999999,-1.5009379126019264
19,1.045,-0.575296541595565
19,1.2539999999999998,0.043886206125563584
19,1.4629999999999999,0.44559260616610485
19,1.6719999999999997,0.7025751870803286
19,1.8809999999999998,0.8735143846286386
19,2.09,1.0055390422378374
19,2.2989999999999995,1.137025925847923
19,2.5079999999999996,1.3004602918125516
19,2.7169999999999996,1.5251834861301057
19,2.9259999999999997,1.8399629162842892
19,3.1349999999999993,2.2753999225213355
19,3.3439999999999994,2.8661651606441416
19,3.553,3.6527652950591736
19,3.7619999999999996,4.6815729096314564
19,3.970999999999999,5.999172764878429
19,4.18,7.6306800386823035
19,4.388999999999999,9.519697812660882
19,4.597999999999999,11.39847204237686
19,4.8069999999999995,12.611350284089628
19,5.015999999999999,12.217918027756696
19,5.225,10.162179108330665
19,5.433999999999999,7.314135746288637
19,5.642999999999999,4.264583669168283
19,5.851999999999999,1.211685057050507
19,6.060999999999999,-1.8477198590670867
19,6.269999999999999,-4.93840740842899
19,6.478999999999999,-7.922044191449138
19,6.687999999999999,-10.23684501595594
19,6.896999999999999,-10.758335805359325
19,7.106,-9.200001595316348
19,7.314999999999999,-6.798279516443812
19,7.523999999999999,-4.246330038077469
19,7.732999999999999,-1.723283842631282
19,7.941999999999998,0.8643329082987574
19,8.150999999999998,3.7823947030334444
19,8.36,7.51814561349341
19,8.568999999999997,13.042629174423633
19,8.777999999999999,22.637387916544075
19,8.986999999999998,42.690966755101485
19,9.195999999999998,94.41071649638367
19,9.405,46.07159549198614
19,9.613999999999999,24.200855659436773
19,9.822999999999999,14.184333458801602
19,10.031999999999998,8.814436840813526
19,10.240999999999998,5.616512130591706
19,10.45,3.593601150297824
19,10.658999999999999,2.2810133566371826
19,10.867999999999999,1.434706747468947
19,11.076999999999998,0.9156290698037718
19,11.285999999999998,0.6415459346725844
19,11.495,0.5643243285001918
19,11.703999999999999,0.6575760723939069
19,11.912999999999998,0.9087669099739356
19,12.121999999999998,1.3132490351977426
19,12.330999999999998,1.8688802970916436
19,12.539999999999997,2.5701531073976005
19,12.748999999999999,3.4005269962291127
19,12.957999999999998,4.321531035553462
19,13.166999999999998,5.258631554084048
19,13.375999999999998,6.0896063220080405
19,13.584999999999997,6.653366266830475
19,13.793999999999999,6.806629429555849
19,14.002999999999998,6.521825870449427
19,14.212,5.91270877364115
19,14.420999999999998,5.136428477629174
19,14.629999999999997,4.321029770207135
19,14.838999999999999,3.5476244039506506
19,15.047999999999998,2.860159495073812
19,15.256999999999998,2.280396768376265
19,15.465999999999998,1.819382496726554
19,15.674999999999997,1.4840861364170985
19,15.883999999999997,1.280212879107576
19,16.092999999999996,1.2124436808972479
19,16.301999999999996,1.2831241251561567
19,16.511,1.4902010188268484
19,16.72,1.8249562378811006
19,16.929,2.269638776252725
19,17.137999999999995,2.7945375866701547
19,17.346999999999998,3.35392707076383
19,17.555999999999997,3.881298425012405
19,17.764999999999997,4.286943647073662
19,17.973999999999997,4.465068411201214
19,18.182999999999996,4.3192282003424145
19,18.391999999999996,3.8026476272442
19,18.601,2.937142140788007
19,18.81,1.772860023440779
19,19.019,0.34285603254798336
19,19.227999999999998,-1.3628449761218717
19,19.436999999999994,-3.406472207914568
19,19.645999999999997,-5.896779441086846
19,19.854999999999997,-8.944795004999634
19,20.063999999999997,-12.49457557230443
19,20.272999999999996,-15.8467555996003
19,20.481999999999996,-16.94898936377493
19,20.691,-14.212189413386929
